课程编号,学院,课程名称,班级,学分,学时,主讲教师,教室1,星期几1,节次1,周次1,教室2,星期几2,节次2,周次2,教室3,星期几3,节次3,周次3,教室4,星期几4,节次4,周次4,教室5,星期几5,节次5,周次5,教室6,星期几6,节次6,周次6,教室7,星期几7,节次7,周次7,教室8,星期几8,节次8,周次8,教室9,星期几9,节次9,周次9,教室10,星期几10,节次10,周次10,教室11,星期几11,节次11,周次11,教室12,星期几12,节次12,周次12,教室13,星期几13,节次13,周次13
011001,机械工程学院,实用科技英文写作,1班,2.0,32,唐一平,创新港校区-5-1007,2,7-8,9-16,创新港校区-5-1007,4,7-8,9-16,,,,,,,,,,,,,,,,,,,,,,,,,,,,,,,,,,,,,,,,,,,,
012006,机械工程学院,设计心理学,1班,2.0,40,张煜,创新港校区-2-2002,4,3-6,1-10,,,,,,,,,,,,,,,,,,,,,,,,,,,,,,,,,,,,,,,,,,,,,,,,
012007,机械工程学院,符号学设计方法研究,1班,2.0,32,杨增耀,创新港校区-2-4005,1,3-6,9-16,,,,,,,,,,,,,,,,,,,,,,,,,,,,,,,,,,,,,,,,,,,,,,,,
012010,机械工程学院,概念设计研究（校企）,1班,2.0,32,朱爱斌,创新港校区-2-4006,2,3-6,1-8,,,,,,,,,,,,,,,,,,,,,,,,,,,,,,,,,,,,,,,,,,,,,,,,
012016,机械工程学院,流体润滑理论,1班,2.0,40,张辉,创新港校区-2-5006,4,2-4,1-12,创新港校区-2-5006,4,3-6,13-13,,,,,,,,,,,,,,,,,,,,,,,,,,,,,,,,,,,,,,,,,,,,
012019,机械工程学院,复杂机电系统的人工智能控制技术（AI进阶）,1班,2.0,32,李靖祥,创新港校区-5-2W201,6,2-4,1-10,创新港校区-5-2W201,6,2-3,11-11,,,,,,,,,,,,,,,,,,,,,,,,,,,,,,,,,,,,,,,,,,,,
012023,机械工程学院,电动汽车技术,1班,2.0,40,曹军义,创新港校区-2-5006,4,7-10,1-10,,,,,,,,,,,,,,,,,,,,,,,,,,,,,,,,,,,,,,,,,,,,,,,,
012025,机械工程学院,面向制造工程的智能计算方法,1班,2.0,40,江平宇,创新港校区-2-3006,2,3-4,1-10,创新港校区-2-3006,2,7-8,1-10,,,,,,,,,,,,,,,,,,,,,,,,,,,,,,,,,,,,,,,,,,,,
012029,机械工程学院,机械系统集散控制,1班,2.0,40,陶涛,创新港校区-2-4004,2,3-6,1-10,,,,,,,,,,,,,,,,,,,,,,,,,,,,,,,,,,,,,,,,,,,,,,,,
012030,机械工程学院,生物制造工程,1班,2.0,32,李涤尘,创新港校区-5-1W107,3,3-6,9-16,,,,,,,,,,,,,,,,,,,,,,,,,,,,,,,,,,,,,,,,,,,,,,,,
012030,机械工程学院,生物制造工程,2班,2.0,32,王玲,创新港校区-5-1E101,2,3-6,9-16,,,,,,,,,,,,,,,,,,,,,,,,,,,,,,,,,,,,,,,,,,,,,,,,
012035,机械工程学院,精密测试技术与工业大数据（AI进阶）,1班,2.0,40,李兵,创新港校区-2-5001,2,5-7,1-5,创新港校区-2-5001,2,5-6,6-6,创新港校区-2-5001,2,5-7,7-7,创新港校区-2-5001,5,5-7,1-6,创新港校区-2-5001,5,5-6,7-7,,,,,,,,,,,,,,,,,,,,,,,,,,,,,,,,
012049,机械工程学院,现代机械设计,1班,2.0,40,李宝童,创新港校区-5-1W107,1,2-4,5-8,创新港校区-5-1W105,1,2-4,9-13,创新港校区-5-1W105,1,2,14-14,创新港校区-5-1W107,4,2-4,1-4,,,,,,,,,,,,,,,,,,,,,,,,,,,,,,,,,,,,
012051,机械工程学院,监测诊断理论与技术,1班,2.0,40,赵明,创新港校区-2-5005,5,3-6,1-10,,,,,,,,,,,,,,,,,,,,,,,,,,,,,,,,,,,,,,,,,,,,,,,,
012053,机械工程学院,现代信号处理技术及应用（AI进阶）,1班,2.0,32,訾艳阳,创新港校区-5-1E101,4,5-6,1-16,,,,,,,,,,,,,,,,,,,,,,,,,,,,,,,,,,,,,,,,,,,,,,,,
012053,机械工程学院,现代信号处理技术及应用（AI进阶）,2班,2.0,32,陈景龙,创新港校区-5-1E101,4,9-10,1-16,,,,,,,,,,,,,,,,,,,,,,,,,,,,,,,,,,,,,,,,,,,,,,,,
012055,机械工程学院,微纳制造技术,1班,2.0,44,蒋维涛,创新港校区-5-1W103,7,3-6,1-11,,,,,,,,,,,,,,,,,,,,,,,,,,,,,,,,,,,,,,,,,,,,,,,,
012055,机械工程学院,微纳制造技术,2班,2.0,44,姜维,创新港校区-5-1W103,7,7-10,1-11,,,,,,,,,,,,,,,,,,,,,,,,,,,,,,,,,,,,,,,,,,,,,,,,
012060,机械工程学院,现代数控技术及装备,1班,2.0,40,张东升,创新港校区-2-4001,3,3-6,1-10,,,,,,,,,,,,,,,,,,,,,,,,,,,,,,,,,,,,,,,,,,,,,,,,
012062,机械工程学院,现代控制工程,1班,2.0,40,王朝晖,创新港校区-5-1E101,6,3-6,1-10,,,,,,,,,,,,,,,,,,,,,,,,,,,,,,,,,,,,,,,,,,,,,,,,
012062,机械工程学院,现代控制工程,2班,2.0,40,董霞,创新港校区-5-1W103,5,7-10,1-10,,,,,,,,,,,,,,,,,,,,,,,,,,,,,,,,,,,,,,,,,,,,,,,,
012062,机械工程学院,现代控制工程,3班,2.0,40,刘金鑫,创新港校区-5-1W107,4,7-10,1-10,,,,,,,,,,,,,,,,,,,,,,,,,,,,,,,,,,,,,,,,,,,,,,,,
012063,机械工程学院,微机电系统,1班,2.0,40,田边,创新港校区-2-4001,2,3-6,1-5,创新港校区-2-4001,4,3-6,1-5,,,,,,,,,,,,,,,,,,,,,,,,,,,,,,,,,,,,,,,,,,,,
012070,机械工程学院,新型微纳传感器技术,1班,2.0,40,赵玉龙,创新港校区-5-1E101,1,9-11,1-13,创新港校区-5-1E101,1,9,14-14,,,,,,,,,,,,,,,,,,,,,,,,,,,,,,,,,,,,,,,,,,,,
012182,机械工程学院,CAD原理及软件应用,1班,2.0,32,王硕,创新港校区-2-4005,6,3-6,9-16,,,,,,,,,,,,,,,,,,,,,,,,,,,,,,,,,,,,,,,,,,,,,,,,
012183,机械工程学院,有限元方法及CAE软件应用（ANSYS等）,1班,2.0,40,刘恒,创新港校区-2-3005,2,5-7,1-2,创新港校区-2-3005,2,5-6,3-9,创新港校区-2-3005,6,3-6,10-14,,,,,,,,,,,,,,,,,,,,,,,,,,,,,,,,,,,,,,,,
012184,机械工程学院,现代模具设计及制造（校企）,1班,2.0,40,苏文斌,创新港校区-2-3001,6,2-4,1-12,创新港校区-2-3001,6,3-6,13-13,,,,,,,,,,,,,,,,,,,,,,,,,,,,,,,,,,,,,,,,,,,,
012187,机械工程学院,工程摩擦学,1班,2.0,40,董光能,创新港校区-2-3001,7,3-6,1-9,,,,,,,,,,,,,,,,,,,,,,,,,,,,,,,,,,,,,,,,,,,,,,,,
012189,机械工程学院,Finite Element Analysis and Application,1班,2.0,40,孙瑜,创新港校区-2-3002,3,3-6,1-10,,,,,,,,,,,,,,,,,,,,,,,,,,,,,,,,,,,,,,,,,,,,,,,,
012196,机械工程学院,Modern Control Engineering,1班,2.0,40,董霞,创新港校区-2-3006,4,7-10,1-10,,,,,,,,,,,,,,,,,,,,,,,,,,,,,,,,,,,,,,,,,,,,,,,,
012197,机械工程学院,Theory of Vibration,1班,2.0,40,吴九汇,创新港校区-2-3002,1,7-10,1-14,,,,,,,,,,,,,,,,,,,,,,,,,,,,,,,,,,,,,,,,,,,,,,,,
012199,机械工程学院,Fault Diagnosis for Machinery,1班,2.0,40,雷亚国,创新港校区-2-3002,2,5-7,1-12,,,,,,,,,,,,,,,,,,,,,,,,,,,,,,,,,,,,,,,,,,,,,,,,
012200,机械工程学院,MicroNano Manufacturing Technologies,1班,2.0,32,陈小明,创新港校区-2-3002,5,3-6,6-13,,,,,,,,,,,,,,,,,,,,,,,,,,,,,,,,,,,,,,,,,,,,,,,,
012201,机械工程学院,Engineering Tribology,1班,2.0,32,曾群锋,创新港校区-2-3003,6,3-6,1-8,,,,,,,,,,,,,,,,,,,,,,,,,,,,,,,,,,,,,,,,,,,,,,,,
012202,机械工程学院,Numerical Control Equipment Technologies,1班,2.0,40,姜歌东,创新港校区-2-3005,5,3-6,7-16,,,,,,,,,,,,,,,,,,,,,,,,,,,,,,,,,,,,,,,,,,,,,,,,
012212,机械工程学院,激光加工技术进展,1班,2.0,32,王文君,创新港校区-2-5005,3,3-6,1-8,,,,,,,,,,,,,,,,,,,,,,,,,,,,,,,,,,,,,,,,,,,,,,,,
012213,机械工程学院,人机交互先进技术,1班,2.0,32,李晓玲,创新港校区-2-2002,5,3-6,9-16,,,,,,,,,,,,,,,,,,,,,,,,,,,,,,,,,,,,,,,,,,,,,,,,
012215,机械工程学院,柔性电子器件与制造,1班,2.0,40,邵金友,创新港校区-3-6001,6,3-6,7-16,,,,,,,,,,,,,,,,,,,,,,,,,,,,,,,,,,,,,,,,,,,,,,,,
012215,机械工程学院,柔性电子器件与制造,2班,2.0,40,陈小亮,创新港校区-2-5001,6,3-6,7-16,,,,,,,,,,,,,,,,,,,,,,,,,,,,,,,,,,,,,,,,,,,,,,,,
012216,机械工程学院,数控机床设计与加工工艺（校企）,1班,2.0,32,张俊,创新港校区-5-1E101,4,7-8,1-16,,,,,,,,,,,,,,,,,,,,,,,,,,,,,,,,,,,,,,,,,,,,,,,,
012219,机械工程学院,创新设计与增材制造（校企）,1班,2.0,32,张琦,创新港校区-5-1E103,6,2-4,6-16,,,,,,,,,,,,,,,,,,,,,,,,,,,,,,,,,,,,,,,,,,,,,,,,
013705,机械工程学院,electroactive polymer materials and structures properties and applications,1班,2.0,32,朱子才,创新港校区-2-3002,4,3-6,1-8,,,,,,,,,,,,,,,,,,,,,,,,,,,,,,,,,,,,,,,,,,,,,,,,
013706,机械工程学院,增材制造技术,1班,2.0,32,魏正英,创新港校区-5-1W107,5,3-6,9-16,,,,,,,,,,,,,,,,,,,,,,,,,,,,,,,,,,,,,,,,,,,,,,,,
013710,机械工程学院,航空发动机运行性能监测与评估（校企）,1班,2.0,32,王诗彬,创新港校区-5-2W201,1,7-10,1-8,,,,,,,,,,,,,,,,,,,,,,,,,,,,,,,,,,,,,,,,,,,,,,,,
013722,机械工程学院,机床主轴设计及特性分析（校企）,1班,2.0,32,朱永生,创新港校区-2-4003,6,5-7,9-13,创新港校区-2-4003,6,5-6,14-14,创新港校区-2-4003,7,5-7,9-13,,,,,,,,,,,,,,,,,,,,,,,,,,,,,,,,,,,,,,,,
013735,机械工程学院,Advanced plastic forming technology,1班,2.0,32,娄燕山,创新港校区-2-3003,3,3-6,1-8,,,,,,,,,,,,,,,,,,,,,,,,,,,,,,,,,,,,,,,,,,,,,,,,
013736,机械工程学院,Foundation and Applications of Biomimetic Engineering,1班,2.0,32,朱卉,创新港校区-2-3003,2,3-6,1-8,,,,,,,,,,,,,,,,,,,,,,,,,,,,,,,,,,,,,,,,,,,,,,,,
013740,机械工程学院,电化学加工原理与技术,1班,2.0,32,孙孝飞,创新港校区-2-2006,6,3-6,1-8,,,,,,,,,,,,,,,,,,,,,,,,,,,,,,,,,,,,,,,,,,,,,,,,
013742,机械工程学院,脑机接口与康复应用,1班,2.0,32,徐光华,创新港校区-5-7107,5,7-10,1-8,,,,,,,,,,,,,,,,,,,,,,,,,,,,,,,,,,,,,,,,,,,,,,,,
013743,机械工程学院,传热学理论及工程应用分析,1班,2.0,32,徐亮,创新港校区-2-5005,6,2-4,1-10,创新港校区-2-5005,6,2-3,11-11,,,,,,,,,,,,,,,,,,,,,,,,,,,,,,,,,,,,,,,,,,,,
013745,机械工程学院,工程光学基础,1班,2.0,40,黄军辉,创新港校区-2-4002,2,3-6,1-10,,,,,,,,,,,,,,,,,,,,,,,,,,,,,,,,,,,,,,,,,,,,,,,,
013747,机械工程学院,结构功能材料的设计与制造,1班,2.0,32,蒋维涛,创新港校区-2-5006,6,3-6,1-8,,,,,,,,,,,,,,,,,,,,,,,,,,,,,,,,,,,,,,,,,,,,,,,,
013748,机械工程学院,金属材料宏微观力学行为,1班,2.0,32,张琦,创新港校区-3-6001,5,2-5,2-2,创新港校区-3-6001,5,3-6,1-1,创新港校区-3-6001,5,3-6,3-8,,,,,,,,,,,,,,,,,,,,,,,,,,,,,,,,,,,,,,,,
013754,机械工程学院,Fundamentals of Mechanical Surface Engineering,1班,2.0,32,秦立果,创新港校区-2-3001,3,3-4,1-8,创新港校区-2-3001,3,9-10,1-8,,,,,,,,,,,,,,,,,,,,,,,,,,,,,,,,,,,,,,,,,,,,
013758,机械工程学院,智能制造（校企）,1班,3.0,48,徐俊,创新港校区-2-3005,2,2-7,1-8,,,,,,,,,,,,,,,,,,,,,,,,,,,,,,,,,,,,,,,,,,,,,,,,
013762,机械工程学院,柔性航天器原理及智能制造技术（校企）,1班,2.0,32,王晨希,创新港校区-5-3107,2,7-10,1-8,,,,,,,,,,,,,,,,,,,,,,,,,,,,,,,,,,,,,,,,,,,,,,,,
013764,机械工程学院,微纳传感器封装与测试（校企）（实践）,1班,2.0,32,罗国希,创新港校区-5-4106,5,7-10,10-13,创新港校区-5-4106,7,3-6,10-13,,,,,,,,,,,,,,,,,,,,,,,,,,,,,,,,,,,,,,,,,,,,
013765,机械工程学院,智能传感芯片技术及应用（实践）,1班,2.0,32,田边,创新港校区-2-3006,6,3-6,6-9,创新港校区-2-3006,7,3-6,6-9,,,,,,,,,,,,,,,,,,,,,,,,,,,,,,,,,,,,,,,,,,,,
013767,机械工程学院,创新复合材料设计与制造（实践）,1班,2.0,32,王奔,创新港校区-2-5006,5,7-10,1-3,创新港校区-2-5006,5,7-8,4-5,创新港校区-2-5006,5,7-10,6-8,,,,,,,,,,,,,,,,,,,,,,,,,,,,,,,,,,,,,,,,
013771,机械工程学院,润滑理论及其应用,1班,2.0,32,张辉,创新港校区-2-3001,5,3-6,9-16,,,,,,,,,,,,,,,,,,,,,,,,,,,,,,,,,,,,,,,,,,,,,,,,
013772,机械工程学院,人工智能赋能金属增材制造监/检测,1班,1.0,20,张志芬,创新港校区-2-3003,1,5-6,1-10,,,,,,,,,,,,,,,,,,,,,,,,,,,,,,,,,,,,,,,,,,,,,,,,
013773,机械工程学院,金属塑性成形中的摩擦原理及应用,1班,2.0,32,张大伟,创新港校区-2-5004,2,3-6,1-6,,,,,,,,,,,,,,,,,,,,,,,,,,,,,,,,,,,,,,,,,,,,,,,,
013774,机械工程学院,仿生机器人创新设计（采集式学习）,1班,2.0,32,朱爱斌,,,,,,,,,,,,,,,,,,,,,,,,,,,,,,,,,,,,,,,,,,,,,,,,,,,,
021001,材料科学与工程学院,工程伦理（四）,1班,2.0,32,何成,创新港校区-5-1E101,3,3-6,1-8,,,,,,,,,,,,,,,,,,,,,,,,,,,,,,,,,,,,,,,,,,,,,,,,
021001,材料科学与工程学院,工程伦理（四）,2班,2.0,32,袁泓晔,创新港校区-5-1E101,2,3-6,1-8,,,,,,,,,,,,,,,,,,,,,,,,,,,,,,,,,,,,,,,,,,,,,,,,
022001,材料科学与工程学院,固体物理学,1班,2.0,32,马飞,创新港校区-3-5009,2,7-10,1-8,,,,,,,,,,,,,,,,,,,,,,,,,,,,,,,,,,,,,,,,,,,,,,,,
022003,材料科学与工程学院,纳米材料导论,1班,2.0,32,方吉祥,创新港校区-18-2065,3,3-4,9-16,创新港校区-18-2065,3,7-8,9-16,,,,,,,,,,,,,,,,,,,,,,,,,,,,,,,,,,,,,,,,,,,,
022004,材料科学与工程学院,新型功能材料,1班,2.0,32,周超,创新港校区-4-2222,5,3-6,1-8,,,,,,,,,,,,,,,,,,,,,,,,,,,,,,,,,,,,,,,,,,,,,,,,
022008,材料科学与工程学院,表面分析与薄膜,1班,2.0,32,朱晓东,创新港校区-3-6003,3,3-6,1-8,,,,,,,,,,,,,,,,,,,,,,,,,,,,,,,,,,,,,,,,,,,,,,,,
022009,材料科学与工程学院,纳米陶瓷材料,1班,2.0,32,史忠旗,创新港校区-3-4001,5,3-6,9-16,,,,,,,,,,,,,,,,,,,,,,,,,,,,,,,,,,,,,,,,,,,,,,,,
022011,材料科学与工程学院,生物医用材料,1班,2.0,32,郭大刚,创新港校区-3-6003,4,7-10,1-8,,,,,,,,,,,,,,,,,,,,,,,,,,,,,,,,,,,,,,,,,,,,,,,,
022013,材料科学与工程学院,陶瓷材料力学性能,1班,2.0,32,夏鸿雁,创新港校区-3-6003,2,7-10,9-16,,,,,,,,,,,,,,,,,,,,,,,,,,,,,,,,,,,,,,,,,,,,,,,,
022014,材料科学与工程学院,先进复合材料,1班,2.0,32,李博,创新港校区-3-6003,4,7-10,9-16,,,,,,,,,,,,,,,,,,,,,,,,,,,,,,,,,,,,,,,,,,,,,,,,
022018,材料科学与工程学院,金属材料磨损,1班,2.0,32,皇志富,创新港校区-3-2005,2,7-10,1-8,,,,,,,,,,,,,,,,,,,,,,,,,,,,,,,,,,,,,,,,,,,,,,,,
022019,材料科学与工程学院,材料成形传输原理,1班,2.0,32,马胜强,创新港校区-3-5009,2,7-10,9-16,,,,,,,,,,,,,,,,,,,,,,,,,,,,,,,,,,,,,,,,,,,,,,,,
022020,材料科学与工程学院,材料累加成形与应用,1班,2.0,32,李长久,创新港校区-3-4009,4,7-10,1-8,,,,,,,,,,,,,,,,,,,,,,,,,,,,,,,,,,,,,,,,,,,,,,,,
022027,材料科学与工程学院,材料科学进展（实践）,1班,2.0,32,刘峰,创新港校区-5-2W201,1,1-2,1-8,,,,,,,,,,,,,,,,,,,,,,,,,,,,,,,,,,,,,,,,,,,,,,,,
022027,材料科学与工程学院,材料科学进展（实践）,2班,2.0,32,刘峰,兴庆校区-主楼B-202,5,1-2,1-8,,,,,,,,,,,,,,,,,,,,,,,,,,,,,,,,,,,,,,,,,,,,,,,,
022032,材料科学与工程学院,新能源材料,1班,2.0,32,李成新,创新港校区-3-5009,3,3-6,9-16,,,,,,,,,,,,,,,,,,,,,,,,,,,,,,,,,,,,,,,,,,,,,,,,
022036,材料科学与工程学院,材料热处理及其应用,1班,2.0,32,王继平,创新港校区-3-4005,3,7-10,9-16,,,,,,,,,,,,,,,,,,,,,,,,,,,,,,,,,,,,,,,,,,,,,,,,
022037,材料科学与工程学院,先进材料理论与计算导论,1班,2.0,32,邓俊楷,创新港校区-3-6003,2,7-10,1-8,,,,,,,,,,,,,,,,,,,,,,,,,,,,,,,,,,,,,,,,,,,,,,,,
022049,材料科学与工程学院,Solid State Physics,1班,2.0,32,周健,创新港校区-3-5009,2,3-6,9-16,,,,,,,,,,,,,,,,,,,,,,,,,,,,,,,,,,,,,,,,,,,,,,,,
022050,材料科学与工程学院,Frontiers of Materials Science,1班,2.0,32,王疆靖,创新港校区-3-5009,5,3-6,9-16,,,,,,,,,,,,,,,,,,,,,,,,,,,,,,,,,,,,,,,,,,,,,,,,
022056,材料科学与工程学院,焊接结构设计与制造,1班,2.0,32,张林杰,创新港校区-3-5009,5,3-6,1-8,,,,,,,,,,,,,,,,,,,,,,,,,,,,,,,,,,,,,,,,,,,,,,,,
022057,材料科学与工程学院,先进电子材料,1班,2.0,32,郭志新,创新港校区-3-4009,3,7-10,9-16,,,,,,,,,,,,,,,,,,,,,,,,,,,,,,,,,,,,,,,,,,,,,,,,
022060,材料科学与工程学院,材料热力学,1班,2.0,32,解德刚,创新港校区-3-3003,4,1-2,1-8,创新港校区-3-3003,5,3-4,1-8,,,,,,,,,,,,,,,,,,,,,,,,,,,,,,,,,,,,,,,,,,,,
022061,材料科学与工程学院,现代材料分析技术,1班,2.0,32,陈凯,兴庆校区-中2-2240,3,7-10,1-8,,,,,,,,,,,,,,,,,,,,,,,,,,,,,,,,,,,,,,,,,,,,,,,,
022063,材料科学与工程学院,陶瓷先进制备工艺,1班,2.0,32,杨建锋,创新港校区-3-6001,1,7-10,9-16,,,,,,,,,,,,,,,,,,,,,,,,,,,,,,,,,,,,,,,,,,,,,,,,
022064,材料科学与工程学院,先进材料焊接学,1班,2.0,32,张林杰,创新港校区-3-6003,4,3-6,1-8,,,,,,,,,,,,,,,,,,,,,,,,,,,,,,,,,,,,,,,,,,,,,,,,
023002,材料科学与工程学院,铸造有色合金及其熔炼,1班,2.0,32,刘志伟,创新港校区-3-6003,5,3-6,9-16,,,,,,,,,,,,,,,,,,,,,,,,,,,,,,,,,,,,,,,,,,,,,,,,
023020,材料科学与工程学院,材料失效分析（校企）（实践）,1班,2.0,32,杨冠军,创新港校区-5-1W107,5,7-10,1-8,,,,,,,,,,,,,,,,,,,,,,,,,,,,,,,,,,,,,,,,,,,,,,,,
023021,材料科学与工程学院,石油管材及装备材料（校企）（实践）,1班,2.0,32,杨冠军,创新港校区-5-4045,5,3-6,1-8,,,,,,,,,,,,,,,,,,,,,,,,,,,,,,,,,,,,,,,,,,,,,,,,
023027,材料科学与工程学院,先进结构陶瓷及其复合材料,1班,2.0,32,王红洁,创新港校区-3-6003,5,7-10,9-16,,,,,,,,,,,,,,,,,,,,,,,,,,,,,,,,,,,,,,,,,,,,,,,,
023028,材料科学与工程学院,功能有机材料的谱学分析方法（实践）,1班,2.0,32,王国隆,创新港校区-3-3007,5,7-10,9-16,,,,,,,,,,,,,,,,,,,,,,,,,,,,,,,,,,,,,,,,,,,,,,,,
023032,材料科学与工程学院,材料传热学基础与应用,1班,2.0,32,李长久,创新港校区-3-6001,4,3-6,9-16,,,,,,,,,,,,,,,,,,,,,,,,,,,,,,,,,,,,,,,,,,,,,,,,
031001,能源与动力工程学院,高等流体力学,1班,3.0,60,李国君,创新港校区-5-1E101,1,2-4,1-10,创新港校区-5-1E101,4,2-4,1-10,,,,,,,,,,,,,,,,,,,,,,,,,,,,,,,,,,,,,,,,,,,,
031001,能源与动力工程学院,高等流体力学,2班,3.0,60,李国君,兴庆校区-中3-2330,1,2-4,7-16,兴庆校区-中3-2330,4,2-4,7-16,,,,,,,,,,,,,,,,,,,,,,,,,,,,,,,,,,,,,,,,,,,,
031002,能源与动力工程学院,Numerical Heat Transfer,1班,3.0,60,陶文铨,创新港校区-5-2W201,1,5-6,1-16,创新港校区-5-2W201,2,3-4,1-16,,,,,,,,,,,,,,,,,,,,,,,,,,,,,,,,,,,,,,,,,,,,
031202,能源与动力工程学院,国际视野及胜任力培养,1班,1.0,16,徐东海,创新港校区-1-3057,5,3-6,1-4,,,,,,,,,,,,,,,,,,,,,,,,,,,,,,,,,,,,,,,,,,,,,,,,
032005,能源与动力工程学院,核辐射成像技术,1班,2.0,40,胡华四,创新港校区-1-3065,5,7-10,9-16,创新港校区-1-3061,6,7-10,13-14,,,,,,,,,,,,,,,,,,,,,,,,,,,,,,,,,,,,,,,,,,,,
032007,能源与动力工程学院,中子输运理论与数值方法,1班,2.0,40,郑友琦,创新港校区-1-4059,1,5-6,9-16,创新港校区-1-4059,3,7-8,9-16,创新港校区-1-4059,6,3-4,16-16,创新港校区-1-4059,6,7-8,16-16,,,,,,,,,,,,,,,,,,,,,,,,,,,,,,,,,,,,
032012,能源与动力工程学院,流体力学的近代进展,1班,2.0,40,席光,创新港校区-5-7107,5,3-6,1-8,创新港校区-5-7043,5,3-6,9-10,,,,,,,,,,,,,,,,,,,,,,,,,,,,,,,,,,,,,,,,,,,,
032016,能源与动力工程学院,叶轮机械气动热力学,1班,2.0,40,李亮,创新港校区-1-3056,5,7-10,1-8,,,,,,,,,,,,,,,,,,,,,,,,,,,,,,,,,,,,,,,,,,,,,,,,
032020,能源与动力工程学院,核电厂概率安全评价,1班,2.0,40,葛莉,创新港校区-1-2051,6,3-6,1-8,,,,,,,,,,,,,,,,,,,,,,,,,,,,,,,,,,,,,,,,,,,,,,,,
032021,能源与动力工程学院,高等核反应堆物理（I）（实践）,1班,2.0,40,李云召,创新港校区-1-4052,4,7-10,1-8,,,,,,,,,,,,,,,,,,,,,,,,,,,,,,,,,,,,,,,,,,,,,,,,
032030,能源与动力工程学院,Numerical Analysis of Thermal Hydraulic in Nuclear Reactor（P）,1班,2.0,40,秋穗正,创新港校区-5-1005,4,3-6,1-8,创新港校区-5-1005,6,1-2,7-7,创新港校区-5-1005,6,5-6,7-7,,,,,,,,,,,,,,,,,,,,,,,,,,,,,,,,,,,,,,,,
032040,能源与动力工程学院,张量分析及其工程应用,1班,2.0,40,琚亚平,创新港校区-1-3057,3,7-10,9-16,创新港校区-1-3057,6,3-6,14-14,创新港校区-1-3057,7,3-6,14-14,,,,,,,,,,,,,,,,,,,,,,,,,,,,,,,,,,,,,,,,
032045,能源与动力工程学院,非线性动力系统的稳定性、分岔及其数值分析,1班,2.0,40,张家忠,创新港校区-1-2051,1,7-8,9-14,创新港校区-1-2051,4,7-10,9-15,,,,,,,,,,,,,,,,,,,,,,,,,,,,,,,,,,,,,,,,,,,,
032049,能源与动力工程学院,多相流动力学,1班,2.0,40,郭烈锦,,,,,,,,,,,,,,,,,,,,,,,,,,,,,,,,,,,,,,,,,,,,,,,,,,,,
032050,能源与动力工程学院,Energy Conservation and Environment Protection,1班,2.0,32,刘朝晖,创新港校区-1-3065,3,7-10,9-16,,,,,,,,,,,,,,,,,,,,,,,,,,,,,,,,,,,,,,,,,,,,,,,,
032051,能源与动力工程学院,两相流数值模拟,1班,2.0,40,李会雄,创新港校区-5-5107,3,9-10,9-16,创新港校区-5-5107,4,5-6,9-16,创新港校区-5-5107,7,9-10,9-12,,,,,,,,,,,,,,,,,,,,,,,,,,,,,,,,,,,,,,,,
032051,能源与动力工程学院,两相流数值模拟,2班,2.0,40,李会雄,兴庆校区-中3-2337,5,3-4,9-16,兴庆校区-中3-2337,5,9-10,9-16,兴庆校区-中3-2337,6,9-10,9-12,,,,,,,,,,,,,,,,,,,,,,,,,,,,,,,,,,,,,,,,
032054,能源与动力工程学院,气固两相流及其燃烧（实践）,1班,2.0,40,周屈兰,创新港校区-1-3065,4,2-6,9-16,,,,,,,,,,,,,,,,,,,,,,,,,,,,,,,,,,,,,,,,,,,,,,,,
032056,能源与动力工程学院,洁净煤技术近代进展（实践）,1班,2.0,40,牛艳青,创新港校区-1-3063,3,7-10,9-16,创新港校区-1-3063,6,3-6,15-15,,,,,,,,,,,,,,,,,,,,,,,,,,,,,,,,,,,,,,,,,,,,
032057,能源与动力工程学院,多相流及其进展（实践）,1班,2.0,40,车得福,创新港校区-5-3107,4,7-10,1-8,创新港校区-5-3107,6,5-10,8-8,,,,,,,,,,,,,,,,,,,,,,,,,,,,,,,,,,,,,,,,,,,,
032057,能源与动力工程学院,多相流及其进展（实践）,2班,2.0,40,车得福,兴庆校区-中3-2329,2,3-6,1-8,兴庆校区-中3-2329,7,3-10,8-8,,,,,,,,,,,,,,,,,,,,,,,,,,,,,,,,,,,,,,,,,,,,
032060,能源与动力工程学院,多联产技术及其进展,1班,2.0,40,王进仕,创新港校区-5-3107,5,3-6,1-5,创新港校区-5-3107,7,3-6,1-5,,,,,,,,,,,,,,,,,,,,,,,,,,,,,,,,,,,,,,,,,,,,
032060,能源与动力工程学院,多联产技术及其进展,2班,2.0,40,陈伟雄,兴庆校区-中3-2315,5,3-6,1-4,兴庆校区-中3-2315,6,3-6,1-4,,,,,,,,,,,,,,,,,,,,,,,,,,,,,,,,,,,,,,,,,,,,
032061,能源与动力工程学院,火电厂运行诊断,1班,2.0,40,刘继平,创新港校区-1-3063,6,2-6,1-8,,,,,,,,,,,,,,,,,,,,,,,,,,,,,,,,,,,,,,,,,,,,,,,,
032062,能源与动力工程学院,低温系统及其设备的工作过程,1班,2.0,40,陈双涛,创新港校区-1-2052,1,7-10,9-16,创新港校区-1-2052,6,3-6,15-16,,,,,,,,,,,,,,,,,,,,,,,,,,,,,,,,,,,,,,,,,,,,
032063,能源与动力工程学院,低温制冷技术最新进展（实践）,1班,2.0,40,厉彦忠,创新港校区-1-2052,5,7-10,1-8,创新港校区-1-2052,6,3-10,8-8,,,,,,,,,,,,,,,,,,,,,,,,,,,,,,,,,,,,,,,,,,,,
032067,能源与动力工程学院,现代制冷空调理论及仿真技术,1班,3.0,60,鱼剑琳,创新港校区-1-3065,5,3-6,1-15,,,,,,,,,,,,,,,,,,,,,,,,,,,,,,,,,,,,,,,,,,,,,,,,
032071,能源与动力工程学院,高等工程热力学（混合）,1班,3.0,60,何茂刚,创新港校区-5-2W201,2,7-10,1-8,创新港校区-5-2W201,3,1-2,1-8,,,,,,,,,,,,,,,,,,,,,,,,,,,,,,,,,,,,,,,,,,,,
032083,能源与动力工程学院,环境健康与风险评估（校企）（实践）,1班,2.0,40,沈振兴,创新港校区-19-3110,5,3-6,1-8,创新港校区-19-3110,7,1-2,7-7,创新港校区-19-3110,7,5-6,7-7,,,,,,,,,,,,,,,,,,,,,,,,,,,,,,,,,,,,,,,,
032112,能源与动力工程学院,电化学在能源与环境工程中的应用（实践）,1班,2.0,40,陈庆云,创新港校区-19-3107,6,3-7,1-8,,,,,,,,,,,,,,,,,,,,,,,,,,,,,,,,,,,,,,,,,,,,,,,,
032112,能源与动力工程学院,电化学在能源与环境工程中的应用（实践）,2班,2.0,40,陈庆云,兴庆校区-中2-2249,5,7-11,1-8,,,,,,,,,,,,,,,,,,,,,,,,,,,,,,,,,,,,,,,,,,,,,,,,
032114,能源与动力工程学院,制冷低温系统热物理技术,1班,3.0,60,侯予,创新港校区-1-3055,4,3-6,1-15,,,,,,,,,,,,,,,,,,,,,,,,,,,,,,,,,,,,,,,,,,,,,,,,
032117,能源与动力工程学院,传递过程分析选论,1班,2.0,40,刘永忠,创新港校区-19-5111,1,7-8,1-8,创新港校区-19-5111,5,9-11,1-8,,,,,,,,,,,,,,,,,,,,,,,,,,,,,,,,,,,,,,,,,,,,
032121,能源与动力工程学院,新型制冷与热泵循环系统,1班,2.0,40,白涛,创新港校区-1-4059,4,2-6,1-8,,,,,,,,,,,,,,,,,,,,,,,,,,,,,,,,,,,,,,,,,,,,,,,,
032123,能源与动力工程学院,非牛顿功能流体,1班,2.0,40,魏进家,创新港校区-19-2094,3,2-4,9-16,创新港校区-19-2094,4,3-4,9-16,,,,,,,,,,,,,,,,,,,,,,,,,,,,,,,,,,,,,,,,,,,,
032126,能源与动力工程学院,材料辐照效应,1班,2.0,40,刘书焕,创新港校区-1-3065,3,7-10,1-8,创新港校区-1-3065,6,3-10,6-6,,,,,,,,,,,,,,,,,,,,,,,,,,,,,,,,,,,,,,,,,,,,
032128,能源与动力工程学院,太阳能光电技术,1班,2.0,40,刘立军,创新港校区-1-3063,5,7-10,9-16,创新港校区-1-3063,6,3-6,15-16,,,,,,,,,,,,,,,,,,,,,,,,,,,,,,,,,,,,,,,,,,,,
032129,能源与动力工程学院,催化剂研究方法,1班,2.0,40,齐随涛,创新港校区-19-2094,4,5-6,9-16,创新港校区-19-2094,4,9-11,9-16,,,,,,,,,,,,,,,,,,,,,,,,,,,,,,,,,,,,,,,,,,,,
032132,能源与动力工程学院,Advanced Oxidation Technology in Environmental Engineering（P）,1班,2.0,40,饶永芳,创新港校区-19-3109,6,7-10,1-8,,,,,,,,,,,,,,,,,,,,,,,,,,,,,,,,,,,,,,,,,,,,,,,,
032136,能源与动力工程学院,核聚变理论及其应用,1班,2.0,40,胡华四,创新港校区-1-3063,6,3-6,9-16,创新港校区-1-3061,6,3-6,13-14,,,,,,,,,,,,,,,,,,,,,,,,,,,,,,,,,,,,,,,,,,,,
032137,能源与动力工程学院,产业生态与循环经济,1班,2.0,32,刘萍萍,创新港校区-1-2051,4,3-6,1-8,,,,,,,,,,,,,,,,,,,,,,,,,,,,,,,,,,,,,,,,,,,,,,,,
032140,能源与动力工程学院,Fundamental of Thermodynamics And Heat Transfer（P）,1班,2.0,40,杨卫卫,创新港校区-1-4059,5,3-6,1-8,创新港校区-1-4059,6,3-10,8-8,,,,,,,,,,,,,,,,,,,,,,,,,,,,,,,,,,,,,,,,,,,,
032141,能源与动力工程学院,能源科学与技术前沿讲座,1班,2.0,40,李翠,创新港校区-1-6066,4,7-10,9-16,创新港校区-1-6066,7,3-6,9-10,,,,,,,,,,,,,,,,,,,,,,,,,,,,,,,,,,,,,,,,,,,,
032141,能源与动力工程学院,能源科学与技术前沿讲座,2班,2.0,40,李翠,兴庆校区-中2-2249,5,7-10,9-16,兴庆校区-中2-2249,6,3-6,9-10,,,,,,,,,,,,,,,,,,,,,,,,,,,,,,,,,,,,,,,,,,,,
032146,能源与动力工程学院,Fundamentals of Nuclear Reactor Fuels – A Materials Perspective,1班,2.0,32,恽迪,创新港校区-1-3054,4,7-10,9-16,,,,,,,,,,,,,,,,,,,,,,,,,,,,,,,,,,,,,,,,,,,,,,,,
032152,能源与动力工程学院,先进核电技术经济性分析（实践）,1班,2.0,40,张大林,创新港校区-1-4057,5,2-6,1-8,,,,,,,,,,,,,,,,,,,,,,,,,,,,,,,,,,,,,,,,,,,,,,,,
032158,能源与动力工程学院,Optical diagnostics on Combustion and Flow,1班,2.0,40,王金华,创新港校区-1-2052,5,3-6,1-8,创新港校区-1-2052,6,3-6,7-8,,,,,,,,,,,,,,,,,,,,,,,,,,,,,,,,,,,,,,,,,,,,
032159,能源与动力工程学院,Combustion Chemistry,1班,2.0,40,张英佳,创新港校区-1-4061,4,7-10,9-16,创新港校区-1-4061,7,3-10,16-16,,,,,,,,,,,,,,,,,,,,,,,,,,,,,,,,,,,,,,,,,,,,
032160,能源与动力工程学院,Modern Combustion Science and Energy Utilization Technology（P）,1班,2.0,40,王学斌,创新港校区-1-3061,4,3-6,9-16,创新港校区-1-3061,7,3-10,16-16,,,,,,,,,,,,,,,,,,,,,,,,,,,,,,,,,,,,,,,,,,,,
032162,能源与动力工程学院,Control System Design for Nuclear Power Plants（P）,1班,2.0,40,魏新宇,创新港校区-1-3056,5,7-10,9-16,,,,,,,,,,,,,,,,,,,,,,,,,,,,,,,,,,,,,,,,,,,,,,,,
032168,能源与动力工程学院,Principle of Efficient Energy Conversion with Low Emissions（实践）,1班,2.0,40,刘银河,创新港校区-1-2050,4,3-6,1-8,创新港校区-1-2050,7,2-4,7-7,创新港校区-1-2050,7,6-10,7-7,,,,,,,,,,,,,,,,,,,,,,,,,,,,,,,,,,,,,,,,
032170,能源与动力工程学院,压缩机系统性能优化技术（实践）,1班,2.0,40,吴华根,创新港校区-1-3061,3,7-11,9-16,,,,,,,,,,,,,,,,,,,,,,,,,,,,,,,,,,,,,,,,,,,,,,,,
033710,能源与动力工程学院,Energy Storage System and Technology,1班,2.0,40,孙中国,创新港校区-1-2052,2,2-6,9-16,,,,,,,,,,,,,,,,,,,,,,,,,,,,,,,,,,,,,,,,,,,,,,,,
033711,能源与动力工程学院,蒙特卡罗方法在核科学中的应用,1班,2.0,40,贺清明,创新港校区-1-4052,1,7-11,9-16,,,,,,,,,,,,,,,,,,,,,,,,,,,,,,,,,,,,,,,,,,,,,,,,
033713,能源与动力工程学院,核工程软件设计与开发（实践）,1班,2.0,40,刘宙宇,创新港校区-1-3056,5,3-6,1-8,创新港校区-1-3056,6,3-4,8-8,创新港校区-1-3056,6,7-8,8-8,,,,,,,,,,,,,,,,,,,,,,,,,,,,,,,,,,,,,,,,
033714,能源与动力工程学院,核电厂人因工程学（校企）（实践）,1班,2.0,40,孙培伟,创新港校区-1-5057,2,7-10,9-16,创新港校区-1-5057,6,3-6,15-15,创新港校区-1-5057,7,7-10,15-15,,,,,,,,,,,,,,,,,,,,,,,,,,,,,,,,,,,,,,,,
033716,能源与动力工程学院,流体机械测试技术,1班,2.0,40,宫武旗,创新港校区-1-2052,4,7-10,1-8,创新港校区-1-2052,6,3-6,8-8,,,,,,,,,,,,,,,,,,,,,,,,,,,,,,,,,,,,,,,,,,,,
033717,能源与动力工程学院,透平压缩机设计方法与实践（校企）,1班,2.0,40,刘立军,创新港校区-1-5057,7,1-4,1-10,,,,,,,,,,,,,,,,,,,,,,,,,,,,,,,,,,,,,,,,,,,,,,,,
033718,能源与动力工程学院,透平压缩机模型级开发与实验（校企）,1班,2.0,40,刘立军,创新港校区-1-5057,7,5-8,1-10,,,,,,,,,,,,,,,,,,,,,,,,,,,,,,,,,,,,,,,,,,,,,,,,
033719,能源与动力工程学院,制冷装置设计与控制（校企）,1班,3.0,40,晏刚,创新港校区-1-4052,6,3-7,1-8,,,,,,,,,,,,,,,,,,,,,,,,,,,,,,,,,,,,,,,,,,,,,,,,
033719,能源与动力工程学院,制冷装置设计与控制（校企）,2班,3.0,40,晏刚,创新港校区-1-5061,7,3-7,1-8,,,,,,,,,,,,,,,,,,,,,,,,,,,,,,,,,,,,,,,,,,,,,,,,
033720,能源与动力工程学院,核电项目安全分析与审评（校企）,1班,2.0,40,苟军利,创新港校区-1-4052,6,7-10,11-14,创新港校区-1-4052,7,3-6,11-14,,,,,,,,,,,,,,,,,,,,,,,,,,,,,,,,,,,,,,,,,,,,
033721,能源与动力工程学院,先进汽轮机设计和新型热力循环（实践）,1班,2.0,40,赵攀,创新港校区-1-3054,3,7-10,9-10,创新港校区-1-3054,3,7-11,11-14,创新港校区-1-3054,3,7-10,15-16,,,,,,,,,,,,,,,,,,,,,,,,,,,,,,,,,,,,,,,,
033722,能源与动力工程学院,现代燃气轮机设计技术（校企）（实践）,1班,2.0,40,李军,创新港校区-1-4052,5,3-6,9-16,创新港校区-1-4052,6,1-8,16-16,,,,,,,,,,,,,,,,,,,,,,,,,,,,,,,,,,,,,,,,,,,,
033726,能源与动力工程学院,燃煤电厂烟气污染物治理（校企）,1班,1.0,16,刘银河,创新港校区-1-5061,6,1-4,5-8,,,,,,,,,,,,,,,,,,,,,,,,,,,,,,,,,,,,,,,,,,,,,,,,
033726,能源与动力工程学院,燃煤电厂烟气污染物治理（校企）,2班,1.0,16,刘银河,兴庆校区-中3-2329,6,7-10,5-8,,,,,,,,,,,,,,,,,,,,,,,,,,,,,,,,,,,,,,,,,,,,,,,,
033727,能源与动力工程学院,现代锅炉技术前沿（校企）,1班,1.0,16,周屈兰,创新港校区-5-3107,6,1-8,11-11,创新港校区-5-3107,7,1-8,11-11,,,,,,,,,,,,,,,,,,,,,,,,,,,,,,,,,,,,,,,,,,,,
033727,能源与动力工程学院,现代锅炉技术前沿（校企）,2班,1.0,16,李娜,兴庆校区-中2-2248,6,1-8,11-11,兴庆校区-中2-2248,7,1-8,11-11,,,,,,,,,,,,,,,,,,,,,,,,,,,,,,,,,,,,,,,,,,,,
033729,能源与动力工程学院,固体废物资源化技术（校企）（实践）,1班,2.0,40,高宁博,创新港校区-19-2094,5,3-6,1-8,创新港校区-19-2094,7,1-8,8-8,,,,,,,,,,,,,,,,,,,,,,,,,,,,,,,,,,,,,,,,,,,,
033732,能源与动力工程学院,制冷压缩机性能测试技术（校企）（实践）,1班,2.0,40,吴华根,创新港校区-1-4052,4,7-11,9-16,,,,,,,,,,,,,,,,,,,,,,,,,,,,,,,,,,,,,,,,,,,,,,,,
033735,能源与动力工程学院,Photocatalysis,1班,2.0,40,陈玉彬,创新港校区-1-3063,5,3-6,9-16,创新港校区-1-3063,7,5-6,16-16,,,,,,,,,,,,,,,,,,,,,,,,,,,,,,,,,,,,,,,,,,,,
033735,能源与动力工程学院,Photocatalysis,2班,2.0,40,陈玉彬,兴庆校区-中2-2232,4,7-10,9-15,兴庆校区-中2-2242,4,7-10,16-16,兴庆校区-中2-2242,7,3-6,15-15,兴庆校区-中2-2232,7,7-8,15-15,兴庆校区-中2-2242,7,9-10,15-15,,,,,,,,,,,,,,,,,,,,,,,,,,,,,,,,
033736,能源与动力工程学院,Modern Analysis and Testing Technology of New-energy Materials and Devices,1班,2.0,40,师进文,创新港校区-1-3054,1,7-10,9-16,创新港校区-1-3054,6,3-5,16-16,创新港校区-1-3054,6,7-10,16-16,,,,,,,,,,,,,,,,,,,,,,,,,,,,,,,,,,,,,,,,
033736,能源与动力工程学院,Modern Analysis and Testing Technology of New-energy Materials and Devices,2班,2.0,40,师进文,兴庆校区-中2-2240,3,7-10,9-16,兴庆校区-中2-2240,6,3-10,16-16,,,,,,,,,,,,,,,,,,,,,,,,,,,,,,,,,,,,,,,,,,,,
033737,能源与动力工程学院,Fundamental of Computational Fluid Dynamics and its Application（P）,1班,2.0,40,雷贤良,创新港校区-1-2053,1,7-11,9-16,,,,,,,,,,,,,,,,,,,,,,,,,,,,,,,,,,,,,,,,,,,,,,,,
033739,能源与动力工程学院,Fundamentals and the recent developments of turbomachinery,1班,2.0,32,李景银,创新港校区-1-3063,4,7-10,1-8,,,,,,,,,,,,,,,,,,,,,,,,,,,,,,,,,,,,,,,,,,,,,,,,
033740,能源与动力工程学院,Clean Energy for Transportation and Industry,1班,2.0,40,李倩倩,创新港校区-1-2051,6,7-10,1-8,创新港校区-1-2051,7,7-10,8-8,,,,,,,,,,,,,,,,,,,,,,,,,,,,,,,,,,,,,,,,,,,,
033742,能源与动力工程学院,Advanced thermal-chemical technologies（P）,1班,2.0,40,全翠,创新港校区-19-4107,2,3-6,9-16,创新港校区-19-4107,7,5-6,15-15,创新港校区-19-4107,7,9-10,15-15,,,,,,,,,,,,,,,,,,,,,,,,,,,,,,,,,,,,,,,,
033743,能源与动力工程学院,Nanofluidics（P）,1班,2.0,40,孙成珍,创新港校区-1-3056,3,7-8,9-16,创新港校区-1-3056,4,7-8,9-16,创新港校区-1-3056,6,3-6,15-15,,,,,,,,,,,,,,,,,,,,,,,,,,,,,,,,,,,,,,,,
033744,能源与动力工程学院,Thermal Hydraulics in Steam Generators（P）,1班,2.0,40,王利民,创新港校区-1-3065,4,7-10,9-16,创新港校区-1-3065,6,5-6,16-16,创新港校区-1-3065,6,9-10,16-16,,,,,,,,,,,,,,,,,,,,,,,,,,,,,,,,,,,,,,,,
033745,能源与动力工程学院,Fluid Dynamics and Transport of Droplets and Sprays（P）,1班,2.0,40,周致富,创新港校区-1-3063,4,3-6,1-8,创新港校区-1-3063,7,3-10,8-8,,,,,,,,,,,,,,,,,,,,,,,,,,,,,,,,,,,,,,,,,,,,
033752,能源与动力工程学院,Numerical Simulation of Multiphase Flow with Complex interface（P）,1班,2.0,40,骆政园,创新港校区-1-3063,5,3-6,1-8,创新港校区-1-3063,6,1-8,8-8,,,,,,,,,,,,,,,,,,,,,,,,,,,,,,,,,,,,,,,,,,,,
033753,能源与动力工程学院,Advanced Electron Microscopy Laboratory（P）,1班,2.0,32,卢晨阳,创新港校区-1-3063,4,3-6,9-16,,,,,,,,,,,,,,,,,,,,,,,,,,,,,,,,,,,,,,,,,,,,,,,,
033755,能源与动力工程学院,Nuclear Corrosion Science and Engineering（P）,1班,2.0,40,郭少强,创新港校区-1-2051,1,3-6,1-8,创新港校区-1-2051,7,3-10,7-7,,,,,,,,,,,,,,,,,,,,,,,,,,,,,,,,,,,,,,,,,,,,
033759,能源与动力工程学院,燃气轮机透平传热与冷却设计（实践）,1班,2.0,40,刘钊,创新港校区-1-2051,5,3-6,1-8,创新港校区-1-2051,7,1-8,8-8,,,,,,,,,,,,,,,,,,,,,,,,,,,,,,,,,,,,,,,,,,,,
033759,能源与动力工程学院,燃气轮机透平传热与冷却设计（实践）,2班,2.0,40,刘钊,兴庆校区-中2-2245,5,7-10,1-8,兴庆校区-中2-2245,7,1-8,8-8,,,,,,,,,,,,,,,,,,,,,,,,,,,,,,,,,,,,,,,,,,,,
033766,能源与动力工程学院,Applications of Particle Accelerators（P）,1班,2.0,40,王洁,创新港校区-1-2052,4,3-6,1-8,,,,,,,,,,,,,,,,,,,,,,,,,,,,,,,,,,,,,,,,,,,,,,,,
033767,能源与动力工程学院,Emerging Environmental Contaminants,1班,2.0,32,韩杰,创新港校区-19-2097,4,1-2,1-8,创新港校区-19-2097,4,5-6,1-8,,,,,,,,,,,,,,,,,,,,,,,,,,,,,,,,,,,,,,,,,,,,
033768,能源与动力工程学院,Fundamentals of nuclear medicine（P）,1班,2.0,40,王盛,创新港校区-1-2051,4,7-10,1-8,创新港校区-1-2051,7,3-4,6-6,创新港校区-1-2051,7,7-8,6-6,,,,,,,,,,,,,,,,,,,,,,,,,,,,,,,,,,,,,,,,
033769,能源与动力工程学院,低温制冷技术的应用,1班,2.0,36,侯予,创新港校区-1-2052,3,7-10,9-16,创新港校区-1-2052,7,5-8,16-16,,,,,,,,,,,,,,,,,,,,,,,,,,,,,,,,,,,,,,,,,,,,
033774,能源与动力工程学院,空天辐射环境与效应（校企）（实践）,1班,2.0,40,贺朝会,创新港校区-1-3065,5,7-10,1-8,创新港校区-1-3065,6,1-8,9-9,,,,,,,,,,,,,,,,,,,,,,,,,,,,,,,,,,,,,,,,,,,,
033781,能源与动力工程学院,碳中和与能源绿色发展,1班,2.0,32,王树众,兴庆校区-中3-2301,5,3-6,1-8,,,,,,,,,,,,,,,,,,,,,,,,,,,,,,,,,,,,,,,,,,,,,,,,
033781,能源与动力工程学院,碳中和与能源绿色发展,2班,2.0,32,王树众,创新港校区-5-4106,6,3-6,1-8,,,,,,,,,,,,,,,,,,,,,,,,,,,,,,,,,,,,,,,,,,,,,,,,
033782,能源与动力工程学院,航天低温动力与两相流技术（校企）（实践）,1班,2.0,40,谢福寿,创新港校区-1-4059,6,3-6,9-16,创新港校区-1-4059,7,1-2,12-12,创新港校区-1-4059,7,5-6,12-12,,,,,,,,,,,,,,,,,,,,,,,,,,,,,,,,,,,,,,,,
033785,能源与动力工程学院,核材料与计算材料工程（校企）（实践）,1班,2.0,40,柳文波,创新港校区-1-4059,5,3-6,9-16,创新港校区-1-4059,5,11,9-16,,,,,,,,,,,,,,,,,,,,,,,,,,,,,,,,,,,,,,,,,,,,
033790,能源与动力工程学院,热质储能原理与应用（校企）（实践）,1班,2.0,40,张颖,创新港校区-5-1W105,4,7-10,9-16,创新港校区-5-1W105,6,3-10,16-16,,,,,,,,,,,,,,,,,,,,,,,,,,,,,,,,,,,,,,,,,,,,
033795,能源与动力工程学院,材料热力学与动力学（实践）,1班,2.0,40,柳文波,创新港校区-1-3055,5,3-6,1-8,创新港校区-1-3055,5,11,1-8,,,,,,,,,,,,,,,,,,,,,,,,,,,,,,,,,,,,,,,,,,,,
033797,能源与动力工程学院,氢发动机技术,1班,2.0,32,胡二江,创新港校区-1-2051,5,7-10,1-8,,,,,,,,,,,,,,,,,,,,,,,,,,,,,,,,,,,,,,,,,,,,,,,,
033798,能源与动力工程学院,水处理技术前沿,1班,2.0,32,徐浩,创新港校区-19-3105,6,3-6,1-8,,,,,,,,,,,,,,,,,,,,,,,,,,,,,,,,,,,,,,,,,,,,,,,,
033799,能源与动力工程学院,核反应堆热工水力工程设计方法（校企）（实践）,1班,1.0,16,张魁,创新港校区-1-4052,6,3-6,9-12,,,,,,,,,,,,,,,,,,,,,,,,,,,,,,,,,,,,,,,,,,,,,,,,
033800,能源与动力工程学院,基于Modelica的能源动力系统建模与仿真（校企）,1班,1.0,16,王朝阳,创新港校区-5-1005,5,3-6,13-16,,,,,,,,,,,,,,,,,,,,,,,,,,,,,,,,,,,,,,,,,,,,,,,,
033801,能源与动力工程学院,智能发电理论与技术（校企）,1班,1.0,16,刘明,创新港校区-5-1005,1,7-10,13-16,,,,,,,,,,,,,,,,,,,,,,,,,,,,,,,,,,,,,,,,,,,,,,,,
033802,能源与动力工程学院,火电机组高效灵活运行技术及应用（校企）,1班,1.0,16,陈伟雄,创新港校区-1-4052,7,3-6,5-8,,,,,,,,,,,,,,,,,,,,,,,,,,,,,,,,,,,,,,,,,,,,,,,,
033803,能源与动力工程学院,低碳燃料燃烧学,1班,2.0,32,黄佐华,创新港校区-1-3054,4,3-6,9-16,,,,,,,,,,,,,,,,,,,,,,,,,,,,,,,,,,,,,,,,,,,,,,,,
033806,能源与动力工程学院,Nuclear Chemistry,1班,2.0,32,林健,创新港校区-1-2053,3,7-10,9-16,,,,,,,,,,,,,,,,,,,,,,,,,,,,,,,,,,,,,,,,,,,,,,,,
033807,能源与动力工程学院,Environmental Toxicology,1班,2.0,32,刘佛傍,创新港校区-19-4112,2,7-10,1-8,,,,,,,,,,,,,,,,,,,,,,,,,,,,,,,,,,,,,,,,,,,,,,,,
033809,能源与动力工程学院,Environmental Materials and Pollutant Utilization,1班,2.0,32,李鑫哲,创新港校区-19-3107,1,3-6,9-16,,,,,,,,,,,,,,,,,,,,,,,,,,,,,,,,,,,,,,,,,,,,,,,,
033812,能源与动力工程学院,规模化热质储能技术及多能互补集成（校企）,1班,2.0,32,刘明,创新港校区-5-1W105,6,7-10,1-4,创新港校区-5-1W105,7,1-4,1-4,,,,,,,,,,,,,,,,,,,,,,,,,,,,,,,,,,,,,,,,,,,,
033813,能源与动力工程学院,Principles of Electrochemistry of Corrosion,1班,2.0,32,邱杰,创新港校区-1-3063,4,7-10,9-16,,,,,,,,,,,,,,,,,,,,,,,,,,,,,,,,,,,,,,,,,,,,,,,,
033814,能源与动力工程学院,核设施环境影响评价,1班,1.0,16,王炫,创新港校区-3-2005,1,7-8,1-8,,,,,,,,,,,,,,,,,,,,,,,,,,,,,,,,,,,,,,,,,,,,,,,,
033817,能源与动力工程学院,Scientific Writing（P）,1班,1.0,16,Eric Alexis Valentin Gilbert LICHTFOUSE,兴庆校区-中2-2232,2,1-2,3-6,兴庆校区-中2-2232,3,1-2,3-6,,,,,,,,,,,,,,,,,,,,,,,,,,,,,,,,,,,,,,,,,,,,
033818,能源与动力工程学院,热电能量转换技术及应用,1班,1.0,16,王洪,创新港校区-1-3056,1,3-4,1-8,,,,,,,,,,,,,,,,,,,,,,,,,,,,,,,,,,,,,,,,,,,,,,,,
033819,能源与动力工程学院,低碳能源系统概论（校企）,1班,1.0,16,陈伟雄,创新港校区-5-5107,7,3-6,12-15,,,,,,,,,,,,,,,,,,,,,,,,,,,,,,,,,,,,,,,,,,,,,,,,
033820,能源与动力工程学院,新型热力电池原理及应用（校企）,1班,1.0,16,赵全斌,创新港校区-1-4052,6,3-6,13-16,,,,,,,,,,,,,,,,,,,,,,,,,,,,,,,,,,,,,,,,,,,,,,,,
033821,能源与动力工程学院,核能工程中的人工智能技术概论（AI进阶）,1班,2.0,32,章静,创新港校区-5-2W201,5,3-6,9-16,,,,,,,,,,,,,,,,,,,,,,,,,,,,,,,,,,,,,,,,,,,,,,,,
033824,能源与动力工程学院,制冷低温专业测量与实践,1班,2.0,32,刘晔,创新港校区-1-2052,1,1-4,1-8,,,,,,,,,,,,,,,,,,,,,,,,,,,,,,,,,,,,,,,,,,,,,,,,
033825,能源与动力工程学院,数值模拟中的网格划分技术,1班,2.0,32,刘虎,创新港校区-1-4059,5,7-10,1-8,,,,,,,,,,,,,,,,,,,,,,,,,,,,,,,,,,,,,,,,,,,,,,,,
033827,能源与动力工程学院,生态工业原理与应用,1班,2.0,32,李鑫哲,创新港校区-19-4112,5,7-10,9-16,,,,,,,,,,,,,,,,,,,,,,,,,,,,,,,,,,,,,,,,,,,,,,,,
033830,能源与动力工程学院,环境反应工程,1班,2.0,32,兰申玉,创新港校区-19-4107,5,7-10,1-8,,,,,,,,,,,,,,,,,,,,,,,,,,,,,,,,,,,,,,,,,,,,,,,,
033832,能源与动力工程学院,空间制冷低温技术,1班,2.0,32,侯予,创新港校区-1-2050,1,7-10,9-16,,,,,,,,,,,,,,,,,,,,,,,,,,,,,,,,,,,,,,,,,,,,,,,,
033833,能源与动力工程学院,基于人工智能的材料设计（AI进阶）,1班,1.0,16,柳文波,创新港校区-5-1W103,4,3-4,13-16,创新港校区-5-1W103,7,1-2,14-16,,,,,,,,,,,,,,,,,,,,,,,,,,,,,,,,,,,,,,,,,,,,
033833,能源与动力工程学院,基于人工智能的材料设计（AI进阶）,2班,1.0,16,柳文波,兴庆校区-中2-2243,4,3-4,9-12,兴庆校区-中2-2243,7,1-2,9-12,,,,,,,,,,,,,,,,,,,,,,,,,,,,,,,,,,,,,,,,,,,,
033834,能源与动力工程学院,中子成像技术及应用,1班,2.0,40,严明飞,创新港校区-1-3063,2,7-10,1-8,创新港校区-1-3063,7,3-10,8-8,,,,,,,,,,,,,,,,,,,,,,,,,,,,,,,,,,,,,,,,,,,,
033836,能源与动力工程学院,智慧建筑能源与动力系统,1班,2.0,32,陈旗,创新港校区-1-3065,6,3-10,14-14,创新港校区-1-3065,7,3-10,14-16,,,,,,,,,,,,,,,,,,,,,,,,,,,,,,,,,,,,,,,,,,,,
033837,能源与动力工程学院,大气化学数值模式,1班,2.0,32,沈振兴,创新港校区-1-3056,1,9-10,9-12,创新港校区-1-3056,2,9-10,9-12,创新港校区-1-3056,3,9-10,9-12,创新港校区-1-3056,4,9-10,9-12,,,,,,,,,,,,,,,,,,,,,,,,,,,,,,,,,,,,
041009,电气工程学院,微机控制系统及其应用,1班,3.0,64,贾立新,创新港校区-3-6011,4,7-10,1-12,,,,,,,,,,,,,,,,,,,,,,,,,,,,,,,,,,,,,,,,,,,,,,,,
041011,电气工程学院,非电量电测技术,1班,3.0,70,孙晓华,创新港校区-3-4009,3,9-11,1-5,创新港校区-3-4009,5,9-11,1-5,,,,,,,,,,,,,,,,,,,,,,,,,,,,,,,,,,,,,,,,,,,,
042001,电气工程学院,电力开关电器理论及应用,1班,2.0,32,耿英三,创新港校区-5-1W105,2,3-6,1-8,,,,,,,,,,,,,,,,,,,,,,,,,,,,,,,,,,,,,,,,,,,,,,,,
042004,电气工程学院,电器智能化的关键技术,1班,2.0,32,宋政湘,创新港校区-5-1005,6,3-6,1-8,,,,,,,,,,,,,,,,,,,,,,,,,,,,,,,,,,,,,,,,,,,,,,,,
042011,电气工程学院,先进PID控制及其应用,1班,2.0,32,刘凌,创新港校区-5-2025,6,3-6,9-16,,,,,,,,,,,,,,,,,,,,,,,,,,,,,,,,,,,,,,,,,,,,,,,,
042013,电气工程学院,MATLAB及其在电气工程中的应用,1班,2.0,36,丁文,创新港校区-5-2025,5,3-6,9-17,,,,,,,,,,,,,,,,,,,,,,,,,,,,,,,,,,,,,,,,,,,,,,,,
042015,电气工程学院,现代电力系统分析,1班,3.0,60,李崇涛,创新港校区-5-2025,1,5-7,13-16,创新港校区-5-2025,4,5-7,1-16,,,,,,,,,,,,,,,,,,,,,,,,,,,,,,,,,,,,,,,,,,,,
042019,电气工程学院,电力系统可靠性,1班,2.0,32,别朝红,创新港校区-3-6001,3,2-4,4-13,创新港校区-3-6001,3,3-4,14-14,,,,,,,,,,,,,,,,,,,,,,,,,,,,,,,,,,,,,,,,,,,,
042020,电气工程学院,电力市场,1班,2.0,32,王秀丽,创新港校区-3-4001,4,9-10,1-8,创新港校区-3-4001,5,3-4,1-8,,,,,,,,,,,,,,,,,,,,,,,,,,,,,,,,,,,,,,,,,,,,
042023,电气工程学院,脉冲功率技术及其应用,1班,2.0,40,杨兰均,创新港校区-5-6106,4,8-11,16-16,创新港校区-5-6106,4,9-11,4-15,,,,,,,,,,,,,,,,,,,,,,,,,,,,,,,,,,,,,,,,,,,,
042023,电气工程学院,脉冲功率技术及其应用,2班,2.0,40,刘轩东,创新港校区-5-4106,4,8-11,16-16,创新港校区-5-4106,4,9-11,4-15,,,,,,,,,,,,,,,,,,,,,,,,,,,,,,,,,,,,,,,,,,,,
042023,电气工程学院,脉冲功率技术及其应用,3班,2.0,40,刘帅,创新港校区-5-7107,4,8-11,16-16,创新港校区-5-7107,4,9-11,4-15,,,,,,,,,,,,,,,,,,,,,,,,,,,,,,,,,,,,,,,,,,,,
042024,电气工程学院,气体放电专论,1班,2.0,50,赵军平,创新港校区-3-3007,5,3-6,1-10,,,,,,,,,,,,,,,,,,,,,,,,,,,,,,,,,,,,,,,,,,,,,,,,
042024,电气工程学院,气体放电专论,2班,2.0,50,吴治诚,创新港校区-3-3011,5,3-6,1-10,,,,,,,,,,,,,,,,,,,,,,,,,,,,,,,,,,,,,,,,,,,,,,,,
042025,电气工程学院,电磁脉冲的产生与测量技术,1班,2.0,40,汲胜昌,创新港校区-3-5009,5,7-10,1-10,,,,,,,,,,,,,,,,,,,,,,,,,,,,,,,,,,,,,,,,,,,,,,,,
042026,电气工程学院,电力设备诊断技术,1班,2.0,40,李洪杰,创新港校区-3-6001,2,5-8,15-16,创新港校区-3-6001,2,6-8,4-13,创新港校区-3-6001,2,7-8,14-14,,,,,,,,,,,,,,,,,,,,,,,,,,,,,,,,,,,,,,,,
042027,电气工程学院,电力系统电磁暂态数字仿真技术,1班,3.0,60,邓军波,创新港校区-3-4007,3,1-4,2-16,,,,,,,,,,,,,,,,,,,,,,,,,,,,,,,,,,,,,,,,,,,,,,,,
042030,电气工程学院,高电压技术的应用,1班,2.0,48,罗勇芬,创新港校区-3-6011,3,9-11,1-16,,,,,,,,,,,,,,,,,,,,,,,,,,,,,,,,,,,,,,,,,,,,,,,,
042033,电气工程学院,电气材料分析高级实验,1班,2.0,32,金海云,创新港校区-3-6001,1,9-11,3-3,,,,,,,,,,,,,,,,,,,,,,,,,,,,,,,,,,,,,,,,,,,,,,,,
042034,电气工程学院,电气绝缘测试与分析技术,1班,2.0,32,徐阳,创新港校区-5-2025,2,3-6,9-16,,,,,,,,,,,,,,,,,,,,,,,,,,,,,,,,,,,,,,,,,,,,,,,,
042036,电气工程学院,现代电力电子技术,1班,2.0,40,卓放,创新港校区-3-6001,4,7-8,4-13,创新港校区-3-6001,5,7-8,4-13,,,,,,,,,,,,,,,,,,,,,,,,,,,,,,,,,,,,,,,,,,,,
042038,电气工程学院,Modeling and Control of High-Frequency Power Electronics Circuits（P）,1班,3.0,60,刘进军,创新港校区-3-6011,5,2-4,1-1,创新港校区-3-6011,5,2-4,4-15,创新港校区-3-6011,5,2-4,17-17,创新港校区-3-6011,5,2-7,18-18,创新港校区-3-6011,5,9-11,10-13,,,,,,,,,,,,,,,,,,,,,,,,,,,,,,,,
042040,电气工程学院,电磁干扰与电磁兼容技术,1班,2.0,32,陈文洁,创新港校区-3-6011,2,7-10,1-8,,,,,,,,,,,,,,,,,,,,,,,,,,,,,,,,,,,,,,,,,,,,,,,,
042042,电气工程学院,运动控制技术,1班,2.0,32,沈传文,创新港校区-3-4005,2,3-6,9-16,,,,,,,,,,,,,,,,,,,,,,,,,,,,,,,,,,,,,,,,,,,,,,,,
042047,电气工程学院,电网络理论,1班,3.0,60,邹建龙,创新港校区-3-4005,4,5-8,1-15,,,,,,,,,,,,,,,,,,,,,,,,,,,,,,,,,,,,,,,,,,,,,,,,
042049,电气工程学院,非线性电路理论,1班,2.0,40,王发强,创新港校区-3-6001,6,1-2,1-10,创新港校区-3-6001,6,7-8,1-10,,,,,,,,,,,,,,,,,,,,,,,,,,,,,,,,,,,,,,,,,,,,
042050,电气工程学院,非线性动力学近代理论,1班,2.0,40,张浩,创新港校区-3-5009,6,7-10,1-10,,,,,,,,,,,,,,,,,,,,,,,,,,,,,,,,,,,,,,,,,,,,,,,,
042054,电气工程学院,现代测控系统集成设计,1班,2.0,40,丁晖,创新港校区-3-4003,5,3-6,9-14,,,,,,,,,,,,,,,,,,,,,,,,,,,,,,,,,,,,,,,,,,,,,,,,
042080,电气工程学院,高端电力装备绝缘设计专题（校企）,1班,2.0,32,刘鹏,创新港校区-3-5009,1,5-7,1-10,创新港校区-3-5009,1,5-6,11-11,,,,,,,,,,,,,,,,,,,,,,,,,,,,,,,,,,,,,,,,,,,,
042086,电气工程学院,特殊环境下电介质材料破坏机理与性能提高,1班,2.0,32,成永红,创新港校区-3-6003,5,3-6,1-8,,,,,,,,,,,,,,,,,,,,,,,,,,,,,,,,,,,,,,,,,,,,,,,,
042088,电气工程学院,电力系统新技术（校企）,1班,2.0,24,焦莉,创新港校区-5-1W105,3,9-11,14-15,创新港校区-5-1W105,4,2-4,14-15,创新港校区-5-1W105,6,9-11,14-15,创新港校区-5-1W105,7,2-4,14-15,,,,,,,,,,,,,,,,,,,,,,,,,,,,,,,,,,,,
042093,电气工程学院,Modern Control Engineering,1班,2.0,32,甘永梅,创新港校区-3-4001,2,3-6,1-8,,,,,,,,,,,,,,,,,,,,,,,,,,,,,,,,,,,,,,,,,,,,,,,,
042097,电气工程学院,Design of Power Electronic Equipment,1班,2.0,32,杨旭,创新港校区-3-6011,4,3-6,1-8,,,,,,,,,,,,,,,,,,,,,,,,,,,,,,,,,,,,,,,,,,,,,,,,
042099,电气工程学院,高功率电磁学,1班,2.0,40,谢彦召,创新港校区-3-3011,1,7-10,9-18,,,,,,,,,,,,,,,,,,,,,,,,,,,,,,,,,,,,,,,,,,,,,,,,
042102,电气工程学院,Analysis and Simulation for Power System Transients,1班,3.0,48,李江涛,创新港校区-3-4001,6,3-6,5-16,,,,,,,,,,,,,,,,,,,,,,,,,,,,,,,,,,,,,,,,,,,,,,,,
042105,电气工程学院,Electromagnetic Compatibility,1班,2.0,40,谢彦召,创新港校区-3-3001,1,9-10,7-7,创新港校区-3-3001,1,9-10,9-13,创新港校区-3-3001,2,7-10,7-13,,,,,,,,,,,,,,,,,,,,,,,,,,,,,,,,,,,,,,,,
042112,电气工程学院,Optimization Methods and Applications in Power Systems,1班,2.0,32,丁涛,创新港校区-3-3001,4,9-11,1-4,创新港校区-3-3001,5,3-7,1-4,,,,,,,,,,,,,,,,,,,,,,,,,,,,,,,,,,,,,,,,,,,,
042113,电气工程学院,Electric Power System Reliability Evaluation,1班,2.0,32,李更丰,创新港校区-3-4001,3,5-7,4-13,创新港校区-3-4001,3,5-6,14-14,,,,,,,,,,,,,,,,,,,,,,,,,,,,,,,,,,,,,,,,,,,,
042114,电气工程学院,智能高压设备理论与技术,1班,2.0,32,王小华,创新港校区-3-4001,2,7-10,9-16,,,,,,,,,,,,,,,,,,,,,,,,,,,,,,,,,,,,,,,,,,,,,,,,
042118,电气工程学院,微电网运行控制技术,1班,2.0,32,易皓,创新港校区-3-4001,1,3-6,1-8,,,,,,,,,,,,,,,,,,,,,,,,,,,,,,,,,,,,,,,,,,,,,,,,
042119,电气工程学院,开关电器设计技术,1班,2.0,32,刘志远,创新港校区-3-4005,1,7-10,9-10,创新港校区-3-4005,1,7-10,15-16,创新港校区-3-4005,2,7-10,9-10,创新港校区-3-4005,5,7-10,9-10,,,,,,,,,,,,,,,,,,,,,,,,,,,,,,,,,,,,
042125,电气工程学院,电磁场理论,1班,2.0,40,马西奎,创新港校区-3-3011,2,3-4,1-10,创新港校区-3-3011,2,7-8,1-10,,,,,,,,,,,,,,,,,,,,,,,,,,,,,,,,,,,,,,,,,,,,
043007,电气工程学院,Smart High Voltage Dielectrics Engineering- Fusion of Dielectric Materials Science with Physics and Chemistry,1班,2.0,32,肖冰,创新港校区-3-3001,3,3-4,1-16,,,,,,,,,,,,,,,,,,,,,,,,,,,,,,,,,,,,,,,,,,,,,,,,
043081,电气工程学院,新能源技术,1班,2.0,32,张润凡,创新港校区-3-4005,3,3-4,9-16,创新港校区-3-4005,6,7-8,9-16,,,,,,,,,,,,,,,,,,,,,,,,,,,,,,,,,,,,,,,,,,,,
043083,电气工程学院,Optimal Control Theory and its Application to Modern Power Systems（P）,1班,2.0,32,李宇骏,创新港校区-3-3007,6,3-6,1-8,,,,,,,,,,,,,,,,,,,,,,,,,,,,,,,,,,,,,,,,,,,,,,,,
043085,电气工程学院,高压柔性直流输电系统,1班,3.0,48,穆海宝,创新港校区-3-4001,3,2-4,1-16,,,,,,,,,,,,,,,,,,,,,,,,,,,,,,,,,,,,,,,,,,,,,,,,
043087,电气工程学院,Wide Bandgap Power Semiconductor Devices and Packaging & Integration（P）,1班,2.0,36,王来利,创新港校区-3-4001,6,3-6,1-5,创新港校区-3-4001,7,3-6,1-4,,,,,,,,,,,,,,,,,,,,,,,,,,,,,,,,,,,,,,,,,,,,
043089,电气工程学院,Modern Power System Security Protection,1班,3.0,48,闫晨光,创新港校区-3-3001,6,3-6,1-6,创新港校区-3-3001,7,3-6,1-6,,,,,,,,,,,,,,,,,,,,,,,,,,,,,,,,,,,,,,,,,,,,
043090,电气工程学院,Big Data Analytics and Forecasts for Power Engineering,1班,2.0,32,张耀,创新港校区-3-4005,2,7-8,1-8,创新港校区-3-4005,5,7-8,1-8,,,,,,,,,,,,,,,,,,,,,,,,,,,,,,,,,,,,,,,,,,,,
043093,电气工程学院,强电磁生物效应与医学应用,1班,3.0,48,刘定新,创新港校区-3-3001,4,3-6,1-12,,,,,,,,,,,,,,,,,,,,,,,,,,,,,,,,,,,,,,,,,,,,,,,,
043095,电气工程学院,研究生论文写作指导（电气）,1班,1.0,16,寇鹏,创新港校区-3-6011,1,7-8,9-16,,,,,,,,,,,,,,,,,,,,,,,,,,,,,,,,,,,,,,,,,,,,,,,,
043095,电气工程学院,研究生论文写作指导（电气）,2班,1.0,16,郭莉,创新港校区-3-4009,3,3-4,9-16,,,,,,,,,,,,,,,,,,,,,,,,,,,,,,,,,,,,,,,,,,,,,,,,
043095,电气工程学院,研究生论文写作指导（电气）,3班,1.0,16,谢海鹏,创新港校区-3-6011,1,3-4,1-8,,,,,,,,,,,,,,,,,,,,,,,,,,,,,,,,,,,,,,,,,,,,,,,,
043095,电气工程学院,研究生论文写作指导（电气）,4班,1.0,16,常正实,创新港校区-3-6001,3,9-10,9-12,创新港校区-3-6001,4,1-2,9-12,,,,,,,,,,,,,,,,,,,,,,,,,,,,,,,,,,,,,,,,,,,,
043095,电气工程学院,研究生论文写作指导（电气）,5班,1.0,16,张磊,创新港校区-3-6011,3,3-4,1-8,,,,,,,,,,,,,,,,,,,,,,,,,,,,,,,,,,,,,,,,,,,,,,,,
043095,电气工程学院,研究生论文写作指导（电气）,6班,1.0,16,张岩,创新港校区-3-6011,5,6-8,2-5,创新港校区-3-6011,5,7-8,6-7,,,,,,,,,,,,,,,,,,,,,,,,,,,,,,,,,,,,,,,,,,,,
043095,电气工程学院,研究生论文写作指导（电气）,7班,1.0,16,邹建龙,创新港校区-3-5009,1,1-4,9-12,,,,,,,,,,,,,,,,,,,,,,,,,,,,,,,,,,,,,,,,,,,,,,,,
043097,电气工程学院,电力储能装备与系统应用（校企）,1班,2.0,40,宋政湘,创新港校区-3-6001,5,3-6,9-16,,,,,,,,,,,,,,,,,,,,,,,,,,,,,,,,,,,,,,,,,,,,,,,,
043100,电气工程学院,配电网分析、运行与控制（校企）,1班,2.0,32,邵成成,创新港校区-3-6001,7,7-10,9-16,,,,,,,,,,,,,,,,,,,,,,,,,,,,,,,,,,,,,,,,,,,,,,,,
043101,电气工程学院,创新创业理论与实践（实践）,1班,3.0,48,王小华,创新港校区-5-2001,5,2-6,11-12,创新港校区-5-2001,5,2-6,14-15,创新港校区-5-2001,5,2-7,16-16,创新港校区-5-2001,5,3-6,13-13,创新港校区-5-2001,5,5-6,9-9,创新港校区-5-2001,7,3-6,13-13,,,,,,,,,,,,,,,,,,,,,,,,,,,,
043104,电气工程学院,生物信号感知与应用,1班,2.0,32,李江涛,创新港校区-3-4005,5,3-6,1-8,,,,,,,,,,,,,,,,,,,,,,,,,,,,,,,,,,,,,,,,,,,,,,,,
043107,电气工程学院,Introduction to Computer Simulation using Molecular Dynamics,1班,2.0,32,陈欣,创新港校区-3-6003,1,5-6,1-16,,,,,,,,,,,,,,,,,,,,,,,,,,,,,,,,,,,,,,,,,,,,,,,,
043108,电气工程学院,电力电子装置设计与工程案例（校企）,1班,2.0,32,杨旭,创新港校区-5-1005,5,3-6,1-8,,,,,,,,,,,,,,,,,,,,,,,,,,,,,,,,,,,,,,,,,,,,,,,,
043113,电气工程学院,电能存储物理化学基础,1班,3.0,48,王鹏飞,创新港校区-3-5009,4,7-8,1-12,创新港校区-3-5009,5,1-2,1-12,,,,,,,,,,,,,,,,,,,,,,,,,,,,,,,,,,,,,,,,,,,,
043115,电气工程学院,放电等离子体诊断与仿真,1班,2.0,32,孙安邦,创新港校区-3-3011,1,3-6,9-16,,,,,,,,,,,,,,,,,,,,,,,,,,,,,,,,,,,,,,,,,,,,,,,,
043118,电气工程学院,电网企业运维及营销基础,1班,2.0,32,曹晖,创新港校区-3-4009,6,5-7,1-10,创新港校区-3-4009,6,5-6,11-11,,,,,,,,,,,,,,,,,,,,,,,,,,,,,,,,,,,,,,,,,,,,
043119,电气工程学院,Power Cable and Its Electrical Insulation Technology,1班,2.0,32,高景晖,创新港校区-3-4003,6,3-6,9-16,,,,,,,,,,,,,,,,,,,,,,,,,,,,,,,,,,,,,,,,,,,,,,,,
043123,电气工程学院,Net-Zero Carbon Technologies: from an Integrated Smart Energy Systems Perspective,1班,2.0,32,李璐,创新港校区-3-4001,4,3-6,9-16,,,,,,,,,,,,,,,,,,,,,,,,,,,,,,,,,,,,,,,,,,,,,,,,
043124,电气工程学院,Control of Grid-Connected Converters,1班,2.0,32,刘佳,创新港校区-3-3001,1,3-6,1-8,,,,,,,,,,,,,,,,,,,,,,,,,,,,,,,,,,,,,,,,,,,,,,,,
043125,电气工程学院,人工智能及其电力应用模式分析（AI进阶）,1班,2.0,32,曹晖,创新港校区-5-1W101,5,7-10,10-17,,,,,,,,,,,,,,,,,,,,,,,,,,,,,,,,,,,,,,,,,,,,,,,,
049005,电气工程学院,高电压工程专题（校企）,1班,2.0,32,庞磊,创新港校区-5-1W101,7,3-4,1-16,,,,,,,,,,,,,,,,,,,,,,,,,,,,,,,,,,,,,,,,,,,,,,,,
051001,电子与信息学部,软件工程专题（校企）,1班,2.0,32,鲍军鹏,创新港校区-5-1W101,1,3-4,9-16,创新港校区-5-1W101,1,7-8,9-16,,,,,,,,,,,,,,,,,,,,,,,,,,,,,,,,,,,,,,,,,,,,
051003,电子与信息学部,神经网络理论及应用,1班,2.0,40,张建国,创新港校区-4-2220,4,1-2,9-16,创新港校区-4-2220,4,5-6,9-16,,,,,,,,,,,,,,,,,,,,,,,,,,,,,,,,,,,,,,,,,,,,
051004,电子与信息学部,微机控制系统及应用,1班,3.0,60,裴红斌,创新港校区-4-7222,2,1-2,1-15,创新港校区-4-7222,2,5-6,1-15,,,,,,,,,,,,,,,,,,,,,,,,,,,,,,,,,,,,,,,,,,,,
051009,电子与信息学部,Internet原理与技术,1班,2.0,32,王志文,创新港校区-5-1W103,6,3-4,9-16,创新港校区-5-1W103,6,7-8,9-16,,,,,,,,,,,,,,,,,,,,,,,,,,,,,,,,,,,,,,,,,,,,
051010,电子与信息学部,数据库系统原理与应用,1班,2.0,40,张亚明,创新港校区-4-4212,4,3-6,1-8,,,,,,,,,,,,,,,,,,,,,,,,,,,,,,,,,,,,,,,,,,,,,,,,
051013,电子与信息学部,Micro and Nano-optics,1班,2.0,32,杜广庆,创新港校区-4-6222,5,3-4,9-16,创新港校区-4-6222,5,7-8,9-16,,,,,,,,,,,,,,,,,,,,,,,,,,,,,,,,,,,,,,,,,,,,
051014,电子与信息学部,工程伦理（二）,1班,2.0,32,李永东,创新港校区-5-1W101,3,9-11,1-10,创新港校区-5-1W101,3,9-10,11-11,,,,,,,,,,,,,,,,,,,,,,,,,,,,,,,,,,,,,,,,,,,,
051014,电子与信息学部,工程伦理（二）,2班,2.0,32,金莉,创新港校区-5-1W101,1,9-11,1-10,创新港校区-5-1W101,1,9-10,11-11,,,,,,,,,,,,,,,,,,,,,,,,,,,,,,,,,,,,,,,,,,,,
052001,电子与信息学部,通信网络理论及其应用,1班,2.0,32,肖海涛,创新港校区-4-7222,3,5-6,1-8,创新港校区-4-7222,5,5-6,1-8,,,,,,,,,,,,,,,,,,,,,,,,,,,,,,,,,,,,,,,,,,,,
052006,电子与信息学部,SOC设计方法,1班,2.0,32,葛晨阳,创新港校区-4-3210,5,3-6,1-8,,,,,,,,,,,,,,,,,,,,,,,,,,,,,,,,,,,,,,,,,,,,,,,,
052011,电子与信息学部,可编程逻辑器件原理及其应用（校企）,1班,2.0,40,符均,创新港校区-4-7222,3,3-4,1-10,创新港校区-4-7222,3,7-8,1-10,,,,,,,,,,,,,,,,,,,,,,,,,,,,,,,,,,,,,,,,,,,,
052013,电子与信息学部,微波有源与无源电路原理（校企）（实践）,1班,3.0,60,衣建甲,创新港校区-5-4106,2,3-4,1-10,创新港校区-5-4106,2,7-8,1-10,创新港校区-5-4106,4,3-4,11-15,创新港校区-5-4106,4,7-8,11-15,,,,,,,,,,,,,,,,,,,,,,,,,,,,,,,,,,,,
052015,电子与信息学部,信号检测与估值,1班,3.0,60,杜清河,创新港校区-4-2220,5,3-4,1-15,创新港校区-4-2220,5,7-8,1-15,,,,,,,,,,,,,,,,,,,,,,,,,,,,,,,,,,,,,,,,,,,,
052021,电子与信息学部,并行计算机体系结构,1班,2.0,32,董小社,创新港校区-5-1W101,6,3-6,1-8,,,,,,,,,,,,,,,,,,,,,,,,,,,,,,,,,,,,,,,,,,,,,,,,
052026,电子与信息学部,并行计算理论,1班,2.0,32,赵银亮,创新港校区-5-1W101,2,7-8,9-16,创新港校区-5-1W101,4,7-8,9-16,,,,,,,,,,,,,,,,,,,,,,,,,,,,,,,,,,,,,,,,,,,,
052028,电子与信息学部,数据库理论与技术,1班,2.0,32,候迪,创新港校区-5-5107,1,1-2,1-8,创新港校区-5-5107,4,5-6,1-8,,,,,,,,,,,,,,,,,,,,,,,,,,,,,,,,,,,,,,,,,,,,
052043,电子与信息学部,算法分析与复杂性理论,1班,2.0,40,王嘉寅,创新港校区-5-1E103,4,3-4,1-1,创新港校区-5-1E103,4,3-4,3-8,创新港校区-5-1E103,4,7-8,1-1,创新港校区-5-1E103,4,7-8,3-8,,,,,,,,,,,,,,,,,,,,,,,,,,,,,,,,,,,,
052053,电子与信息学部,光子学,1班,2.0,32,张彦鹏,创新港校区-4-2220,5,1-2,9-16,创新港校区-4-2220,5,5-6,9-16,,,,,,,,,,,,,,,,,,,,,,,,,,,,,,,,,,,,,,,,,,,,
052054,电子与信息学部,信息光学,1班,2.0,32,陈烽,创新港校区-4-5220,3,3-4,13-16,创新港校区-4-5220,3,7-8,13-16,创新港校区-4-5220,4,3-4,9-12,创新港校区-4-5220,4,7-8,9-12,,,,,,,,,,,,,,,,,,,,,,,,,,,,,,,,,,,,
052057,电子与信息学部,微纳加工原理,1班,2.0,32,王兆宏,创新港校区-4-4220,6,3-6,1-8,,,,,,,,,,,,,,,,,,,,,,,,,,,,,,,,,,,,,,,,,,,,,,,,
052061,电子与信息学部,晶体物理,1班,3.0,60,李飞,创新港校区-5-5107,5,3-4,1-15,创新港校区-5-5107,5,7-8,1-15,,,,,,,,,,,,,,,,,,,,,,,,,,,,,,,,,,,,,,,,,,,,
052061,电子与信息学部,晶体物理,2班,3.0,60,魏晓勇,,1,3-4,2-16,,2,5-6,2-16,,,,,,,,,,,,,,,,,,,,,,,,,,,,,,,,,,,,,,,,,,,,
052062,电子与信息学部,晶体化学原理,1班,2.0,32,李振荣,创新港校区-4-6222,4,3-4,1-6,创新港校区-4-2222,4,3-4,7-8,创新港校区-4-6222,4,7-8,1-6,创新港校区-4-2222,4,7-8,7-8,,,,,,,,,,,,,,,,,,,,,,,,,,,,,,,,,,,,
052063,电子与信息学部,铁电压电物理,1班,3.0,60,靳立,创新港校区-5-7107,4,1-2,5-8,创新港校区-5-7107,4,5-6,5-8,创新港校区-5-5107,5,1-2,1-4,创新港校区-5-5107,5,1-2,9-15,创新港校区-5-5107,5,5-6,1-4,创新港校区-5-5107,5,5-6,9-15,,,,,,,,,,,,,,,,,,,,,,,,,,,,
052063,电子与信息学部,铁电压电物理,2班,3.0,60,严永科,,4,3-4,1-15,,4,7-8,1-15,,,,,,,,,,,,,,,,,,,,,,,,,,,,,,,,,,,,,,,,,,,,
052064,电子与信息学部,半导体器件物理,1班,2.0,32,贺永宁,创新港校区-5-5043,7,3-6,9-16,,,,,,,,,,,,,,,,,,,,,,,,,,,,,,,,,,,,,,,,,,,,,,,,
052065,电子与信息学部,超大规模集成电路设计,1班,2.0,32,梁峰,创新港校区-5-7107,2,3-4,1-8,创新港校区-5-7107,2,7-8,1-8,,,,,,,,,,,,,,,,,,,,,,,,,,,,,,,,,,,,,,,,,,,,
052066,电子与信息学部,CMOS模拟系统设计,1班,2.0,32,张鸿,创新港校区-5-3107,4,1-2,9-16,创新港校区-5-3107,4,5-6,9-16,,,,,,,,,,,,,,,,,,,,,,,,,,,,,,,,,,,,,,,,,,,,
052067,电子与信息学部,Structure-property Relations of Materials,1班,2.0,40,张楠,创新港校区-5-6106,4,1-2,9-15,创新港校区-5-6106,4,1-2,18-18,创新港校区-5-6106,4,5-6,9-15,创新港校区-5-6106,4,5-6,18-18,创新港校区-5-6106,5,1-2,16-17,创新港校区-5-6106,5,5-6,16-17,,,,,,,,,,,,,,,,,,,,,,,,,,,,
052070,电子与信息学部,专用集成电路设计与测试（校企）,1班,2.0,32,伍民顺,创新港校区-5-1E103,4,3-4,9-16,创新港校区-5-1E103,4,7-8,9-16,,,,,,,,,,,,,,,,,,,,,,,,,,,,,,,,,,,,,,,,,,,,
052072,电子与信息学部,Low Voltage Low Power CMOS/BiCMOS Circuits and System,1班,2.0,32,李丹,创新港校区-4-7222,1,7-10,9-16,,,,,,,,,,,,,,,,,,,,,,,,,,,,,,,,,,,,,,,,,,,,,,,,
052073,电子与信息学部,天线与无线电波传播,1班,3.0,60,闫森,创新港校区-5-6106,5,3-4,1-15,创新港校区-5-6106,5,7-8,1-15,,,,,,,,,,,,,,,,,,,,,,,,,,,,,,,,,,,,,,,,,,,,
052075,电子与信息学部,高等电磁理论（B）,1班,3.0,60,田春明,创新港校区-4-2220,3,3-4,1-15,创新港校区-4-2220,3,7-8,1-15,,,,,,,,,,,,,,,,,,,,,,,,,,,,,,,,,,,,,,,,,,,,
052080,电子与信息学部,反问题与机器学习导论,1班,2.0,32,周艳辉,创新港校区-4-6222,2,1-2,1-8,创新港校区-4-6222,2,5-6,1-8,,,,,,,,,,,,,,,,,,,,,,,,,,,,,,,,,,,,,,,,,,,,
052089,电子与信息学部,纳米电子器件（校企）,1班,2.0,32,贺永宁,创新港校区-4-6222,6,3-6,9-16,,,,,,,,,,,,,,,,,,,,,,,,,,,,,,,,,,,,,,,,,,,,,,,,
052092,电子与信息学部,线性系统理论,1班,2.0,32,曹建福,创新港校区-4-2220,2,3-4,1-8,创新港校区-4-2220,2,7-8,1-8,,,,,,,,,,,,,,,,,,,,,,,,,,,,,,,,,,,,,,,,,,,,
052095,电子与信息学部,计算机视觉与模式识别,1班,2.0,40,袁泽剑,创新港校区-5-1W107,4,3-6,9-18,,,,,,,,,,,,,,,,,,,,,,,,,,,,,,,,,,,,,,,,,,,,,,,,
052098,电子与信息学部,System Optimization and Scheduling,1班,2.0,32,管晓宏,创新港校区-5-1E101,5,3-4,9-16,创新港校区-5-1E101,5,7-8,9-16,,,,,,,,,,,,,,,,,,,,,,,,,,,,,,,,,,,,,,,,,,,,
052105,电子与信息学部,系统工程与系统集成（校企）,1班,2.0,32,付来义,创新港校区-5-1W107,1,3-4,9-16,创新港校区-5-1W107,1,7-8,9-16,,,,,,,,,,,,,,,,,,,,,,,,,,,,,,,,,,,,,,,,,,,,
052108,电子与信息学部,离散事件动态系统理论及应用,1班,2.0,32,冯彦翔,创新港校区-4-6222,1,3-4,9-16,创新港校区-4-6222,1,7-8,9-16,,,,,,,,,,,,,,,,,,,,,,,,,,,,,,,,,,,,,,,,,,,,
052112,电子与信息学部,现代电路理论,1班,2.0,32,吴胜利,创新港校区-5-1W107,6,3-6,1-8,,,,,,,,,,,,,,,,,,,,,,,,,,,,,,,,,,,,,,,,,,,,,,,,
052120,电子与信息学部,Estimation and Filtering,1班,2.0,32,段战胜,创新港校区-4-6222,3,1-2,1-8,创新港校区-4-6222,3,5-6,1-8,,,,,,,,,,,,,,,,,,,,,,,,,,,,,,,,,,,,,,,,,,,,
052122,电子与信息学部,非线性光学及其应用,1班,2.0,32,闫理贺,创新港校区-4-6222,2,1-2,9-16,创新港校区-4-6222,2,5-6,9-16,,,,,,,,,,,,,,,,,,,,,,,,,,,,,,,,,,,,,,,,,,,,
052123,电子与信息学部,半导体光电子学导论,1班,2.0,32,张景文,创新港校区-4-5220,1,3-4,1-8,创新港校区-4-5220,1,7-8,1-8,,,,,,,,,,,,,,,,,,,,,,,,,,,,,,,,,,,,,,,,,,,,
052131,电子与信息学部,高等电磁理论（A）,1班,3.0,48,张贻齐,创新港校区-4-5220,6,3-6,1-12,,,,,,,,,,,,,,,,,,,,,,,,,,,,,,,,,,,,,,,,,,,,,,,,
052132,电子与信息学部,线性空间与矩阵分析,1班,3.0,60,邓科,创新港校区-5-5107,2,5-6,1-15,创新港校区-5-5107,2,9-10,1-15,,,,,,,,,,,,,,,,,,,,,,,,,,,,,,,,,,,,,,,,,,,,
052164,电子与信息学部,矢量量化与图像处理,1班,2.0,32,潘志斌,创新港校区-4-6222,3,3-4,9-16,创新港校区-4-6222,3,7-8,9-16,,,,,,,,,,,,,,,,,,,,,,,,,,,,,,,,,,,,,,,,,,,,
052165,电子与信息学部,现代反演理论及其应用,1班,3.0,60,杨涛,创新港校区-4-7222,5,3-4,1-15,创新港校区-4-7222,5,7-8,1-15,,,,,,,,,,,,,,,,,,,,,,,,,,,,,,,,,,,,,,,,,,,,
052177,电子与信息学部,Introduction to Electron Microscopy,1班,2.0,40,牛刚,创新港校区-4-6222,5,1-2,1-10,创新港校区-4-6222,5,5-6,1-10,,,,,,,,,,,,,,,,,,,,,,,,,,,,,,,,,,,,,,,,,,,,
052184,电子与信息学部,复杂网络与社会网络分析,1班,2.0,32,田锋,创新港校区-4-5220,4,1-2,9-16,创新港校区-4-5220,4,5-6,9-16,,,,,,,,,,,,,,,,,,,,,,,,,,,,,,,,,,,,,,,,,,,,
052185,电子与信息学部,社会与信息网络分析,1班,2.0,32,孙鹤立,创新港校区-4-7222,2,3-4,1-8,创新港校区-4-7222,2,7-8,1-8,,,,,,,,,,,,,,,,,,,,,,,,,,,,,,,,,,,,,,,,,,,,
052187,电子与信息学部,Wireless Network and Mobile Computing,1班,2.0,32,郗旻,创新港校区-4-3220,3,3-4,9-16,创新港校区-4-3220,3,7-8,9-16,,,,,,,,,,,,,,,,,,,,,,,,,,,,,,,,,,,,,,,,,,,,
052190,电子与信息学部,Electronic thin films and applications,1班,2.0,32,李远洁,创新港校区-4-7222,4,3-4,9-16,创新港校区-4-7222,4,7-8,9-16,,,,,,,,,,,,,,,,,,,,,,,,,,,,,,,,,,,,,,,,,,,,
052203,电子与信息学部,Principle of Digital Communication,1班,2.0,32,高贞贞,创新港校区-4-7222,6,3-6,1-8,,,,,,,,,,,,,,,,,,,,,,,,,,,,,,,,,,,,,,,,,,,,,,,,
052204,电子与信息学部,Big Data and Deep Learning,1班,2.0,32,吕娜,创新港校区-5-1W107,5,3-6,1-8,,,,,,,,,,,,,,,,,,,,,,,,,,,,,,,,,,,,,,,,,,,,,,,,
052207,电子与信息学部,Introduction to Biophotonics,1班,2.0,32,易文辉,创新港校区-4-6216,5,3-4,1-8,创新港校区-4-6216,5,7-8,1-8,,,,,,,,,,,,,,,,,,,,,,,,,,,,,,,,,,,,,,,,,,,,
052209,电子与信息学部,Flexible Electronics,1班,2.0,36,焦博,创新港校区-4-5208,3,3-4,9-16,创新港校区-4-5208,3,7-8,9-16,,,,,,,,,,,,,,,,,,,,,,,,,,,,,,,,,,,,,,,,,,,,
052210,电子与信息学部,电子科学与技术学科前沿,1班,2.0,32,徐友龙,创新港校区-5-1W107,7,3-6,9-16,,,,,,,,,,,,,,,,,,,,,,,,,,,,,,,,,,,,,,,,,,,,,,,,
052212,电子与信息学部,Bioinformatics and Digital Health,1班,2.0,40,王嘉寅,创新港校区-4-2222,4,3-4,9-14,创新港校区-4-2222,4,7-8,9-14,,,,,,,,,,,,,,,,,,,,,,,,,,,,,,,,,,,,,,,,,,,,
053164,电子与信息学部,光电子学综合实验,1班,2.0,32,闫理贺,创新港校区-4-5220,5,3-4,1-8,创新港校区-4-5220,5,7-8,1-8,,,,,,,,,,,,,,,,,,,,,,,,,,,,,,,,,,,,,,,,,,,,
053165,电子与信息学部,功能纳米薄膜综合实验,1班,2.0,32,董国华,创新港校区-4-4220,3,3-4,9-16,创新港校区-4-4220,3,7-8,9-16,,,,,,,,,,,,,,,,,,,,,,,,,,,,,,,,,,,,,,,,,,,,
053171,电子与信息学部,智能机器人技术（校企）,1班,2.0,32,曹建福,创新港校区-4-2220,4,3-4,9-16,创新港校区-4-2220,4,7-8,9-16,,,,,,,,,,,,,,,,,,,,,,,,,,,,,,,,,,,,,,,,,,,,
053174,电子与信息学部,Multi-Antenna Techniques and Their Applications,1班,2.0,32,陈晓明,创新港校区-5-4106,4,1-2,9-16,创新港校区-5-4106,4,5-6,9-16,,,,,,,,,,,,,,,,,,,,,,,,,,,,,,,,,,,,,,,,,,,,
053178,电子与信息学部,密码学理论与实践,1班,2.0,32,王平辉,创新港校区-5-5107,4,3-4,9-16,创新港校区-5-5107,4,7-8,9-16,,,,,,,,,,,,,,,,,,,,,,,,,,,,,,,,,,,,,,,,,,,,
053181,电子与信息学部,网络攻防与博弈论,1班,2.0,32,陶敬,创新港校区-5-4106,5,3-4,1-8,创新港校区-5-4106,5,7-8,1-8,,,,,,,,,,,,,,,,,,,,,,,,,,,,,,,,,,,,,,,,,,,,
053197,电子与信息学部,CMOS模拟集成电路设计基础,1班,2.0,32,范世全,创新港校区-4-3220,4,3-4,1-8,创新港校区-4-3220,4,7-8,1-8,,,,,,,,,,,,,,,,,,,,,,,,,,,,,,,,,,,,,,,,,,,,
053200,电子与信息学部,高级机器学习,1班,2.0,32,魏平,创新港校区-5-1W107,2,3-6,1-8,,,,,,,,,,,,,,,,,,,,,,,,,,,,,,,,,,,,,,,,,,,,,,,,
053201,电子与信息学部,自然语言处理与应用,1班,2.0,32,姜沛林,创新港校区-5-1W105,6,3-6,1-8,,,,,,,,,,,,,,,,,,,,,,,,,,,,,,,,,,,,,,,,,,,,,,,,
053202,电子与信息学部,嵌入式智能系统与新型计算架构,1班,2.0,32,任鹏举,创新港校区-5-1W107,5,7-10,9-16,,,,,,,,,,,,,,,,,,,,,,,,,,,,,,,,,,,,,,,,,,,,,,,,
053204,电子与信息学部,非线性优化,1班,2.0,32,杜少毅,创新港校区-5-1W105,4,7-10,1-8,,,,,,,,,,,,,,,,,,,,,,,,,,,,,,,,,,,,,,,,,,,,,,,,
053206,电子与信息学部,Fundamentals of Semiconductor Device Physics,1班,3.0,48,彭文博,创新港校区-5-6106,2,3-4,1-12,创新港校区-5-6106,2,7-8,1-12,,,,,,,,,,,,,,,,,,,,,,,,,,,,,,,,,,,,,,,,,,,,
053208,电子与信息学部,逆问题与优化计算方法,1班,2.0,32,张译,创新港校区-4-2222,2,3-4,9-16,创新港校区-4-2222,2,7-8,9-16,,,,,,,,,,,,,,,,,,,,,,,,,,,,,,,,,,,,,,,,,,,,
053210,电子与信息学部,对抗性机器学习与人工智能安全（AI进阶）,1班,2.0,32,沈超,创新港校区-5-5043,1,3-4,9-12,创新港校区-5-4043,1,3-4,13-16,创新港校区-5-5043,1,7-8,9-12,创新港校区-5-4043,1,7-8,13-16,,,,,,,,,,,,,,,,,,,,,,,,,,,,,,,,,,,,
053211,电子与信息学部,在线社交网络智能分析与对抗,1班,2.0,32,刘晓明,创新港校区-5-5107,3,3-4,9-16,创新港校区-5-5107,3,7-8,9-16,,,,,,,,,,,,,,,,,,,,,,,,,,,,,,,,,,,,,,,,,,,,
053216,电子与信息学部,电化学原理与应用（校企）,1班,2.0,48,徐友龙,创新港校区-4-2220,6,3-4,1-12,创新港校区-4-2220,6,7-8,1-12,,,,,,,,,,,,,,,,,,,,,,,,,,,,,,,,,,,,,,,,,,,,
053231,电子与信息学部,功能晶体生长概论,1班,2.0,32,王领航,创新港校区-4-4224,5,3-4,9-16,创新港校区-4-4224,5,7-8,9-16,,,,,,,,,,,,,,,,,,,,,,,,,,,,,,,,,,,,,,,,,,,,
053232,电子与信息学部,5G移动通讯系统（校企）,1班,2.0,32,李建星,创新港校区-5-1W107,2,3-4,9-16,创新港校区-5-1W107,2,7-8,9-16,,,,,,,,,,,,,,,,,,,,,,,,,,,,,,,,,,,,,,,,,,,,
053233,电子与信息学部,定量遥感技术,1班,2.0,32,陈军,创新港校区-4-5208,3,1-2,1-8,创新港校区-4-5208,3,5-6,1-8,,,,,,,,,,,,,,,,,,,,,,,,,,,,,,,,,,,,,,,,,,,,
053237,电子与信息学部,半导体表征与测试分析,1班,3.0,48,李昕,创新港校区-4-5220,4,3-4,1-5,创新港校区-4-5220,4,3-4,6-6,创新港校区-4-5220,4,3-4,7-7,创新港校区-4-6222,4,3-4,8-12,创新港校区-4-5220,4,7-8,1-5,创新港校区-4-5220,4,7-8,7-7,创新港校区-4-6222,4,7-8,8-12,,,,,,,,,,,,,,,,,,,,,,,,
053240,电子与信息学部,计算机组成与数字逻辑,1班,2.0,32,杨晨,创新港校区-4-6222,5,3-4,1-8,创新港校区-4-6222,5,7-8,1-8,,,,,,,,,,,,,,,,,,,,,,,,,,,,,,,,,,,,,,,,,,,,
053241,电子与信息学部,CMOS频率源芯片设计,1班,2.0,32,樊超,创新港校区-4-2220,1,3-4,1-8,创新港校区-4-2220,1,7-8,1-8,,,,,,,,,,,,,,,,,,,,,,,,,,,,,,,,,,,,,,,,,,,,
053243,电子与信息学部,集成电路学科前沿讲座,1班,1.0,16,耿莉,创新港校区-5-1W105,1,7-8,9-16,,,,,,,,,,,,,,,,,,,,,,,,,,,,,,,,,,,,,,,,,,,,,,,,
053244,电子与信息学部,电子元器件失效与可靠性分析,1班,2.0,32,徐然,创新港校区-5-5107,2,3-4,1-8,创新港校区-5-5107,2,7-8,1-8,,,,,,,,,,,,,,,,,,,,,,,,,,,,,,,,,,,,,,,,,,,,
053249,电子与信息学部,人工智能通识课（人文社科）（AI通识）,1班,1.0,16,苏洲,创新港校区-5-2W201,3,9-10,1-3,创新港校区-5-2W201,3,9-10,5-8,创新港校区-5-2W201,4,9-10,4-4,,,,,,,,,,,,,,,,,,,,,,,,,,,,,,,,,,,,,,,,
053252,电子与信息学部,低空技术与工程导论,1班,2.0,32,张乐,创新港校区-4-3220,3,3-4,1-8,创新港校区-4-3220,3,7-8,1-8,,,,,,,,,,,,,,,,,,,,,,,,,,,,,,,,,,,,,,,,,,,,
061001,航天航空学院,振动理论,1班,3.0,40,谢石林,创新港校区-2-5004,4,3-6,1-10,,,,,,,,,,,,,,,,,,,,,,,,,,,,,,,,,,,,,,,,,,,,,,,,
062002,航天航空学院,钢筋混凝土结构理论,1班,2.0,32,杨政,创新港校区-5-6045,4,1-2,1-8,创新港校区-5-6045,4,5-6,1-8,,,,,,,,,,,,,,,,,,,,,,,,,,,,,,,,,,,,,,,,,,,,
062009,航天航空学院,高等土力学,1班,2.0,32,廖红建,创新港校区-19-3110,5,3-4,9-16,创新港校区-19-3110,5,7-8,9-16,,,,,,,,,,,,,,,,,,,,,,,,,,,,,,,,,,,,,,,,,,,,
062012,航天航空学院,地基处理技术,1班,2.0,32,李杭州,创新港校区-19-3107,3,3-4,1-8,创新港校区-19-3107,3,9-10,1-8,,,,,,,,,,,,,,,,,,,,,,,,,,,,,,,,,,,,,,,,,,,,
062014,航天航空学院,钢结构设计原理,1班,2.0,32,薛晓敏,创新港校区-19-3107,2,1-2,1-8,创新港校区-19-3107,2,5-6,1-8,,,,,,,,,,,,,,,,,,,,,,,,,,,,,,,,,,,,,,,,,,,,
062018,航天航空学院,空间结构,1班,2.0,32,黄晓林,创新港校区-19-2094,2,3-4,9-16,创新港校区-19-2094,2,7-8,9-16,,,,,,,,,,,,,,,,,,,,,,,,,,,,,,,,,,,,,,,,,,,,
062019,航天航空学院,非线性连续介质力学,1班,2.0,40,马利锋,创新港校区-2-4004,2,7-10,17-17,创新港校区-2-4004,4,7-10,9-17,,,,,,,,,,,,,,,,,,,,,,,,,,,,,,,,,,,,,,,,,,,,
062020,航天航空学院,高等断裂力学,1班,2.0,32,李群,创新港校区-2-3006,2,1-2,1-8,创新港校区-2-3006,5,3-4,1-8,,,,,,,,,,,,,,,,,,,,,,,,,,,,,,,,,,,,,,,,,,,,
062022,航天航空学院,动力学系统建模,1班,2.0,40,周运来,创新港校区-5-1E103,7,7-10,1-10,,,,,,,,,,,,,,,,,,,,,,,,,,,,,,,,,,,,,,,,,,,,,,,,
062024,航天航空学院,固体力学非线性数值方法,1班,2.0,32,宋亚勤,创新港校区-2-3001,4,7-10,1-8,,,,,,,,,,,,,,,,,,,,,,,,,,,,,,,,,,,,,,,,,,,,,,,,
062027,航天航空学院,高等计算力学,1班,2.0,32,李录贤,创新港校区-2-5001,3,3-4,1-8,创新港校区-2-5001,4,3-4,1-8,,,,,,,,,,,,,,,,,,,,,,,,,,,,,,,,,,,,,,,,,,,,
062029,航天航空学院,现代控制理论基础,1班,3.0,60,董龙雷,创新港校区-2-3006,5,7-10,1-15,,,,,,,,,,,,,,,,,,,,,,,,,,,,,,,,,,,,,,,,,,,,,,,,
062032,航天航空学院,振动信号数据处理,1班,2.0,32,罗亚军,创新港校区-2-4004,2,9-10,1-8,创新港校区-2-4004,3,3-4,1-8,,,,,,,,,,,,,,,,,,,,,,,,,,,,,,,,,,,,,,,,,,,,
062044,航天航空学院,现代力学测量技术,1班,2.0,40,裴翠祥,创新港校区-2-4006,2,7-10,17-17,创新港校区-2-4006,4,7-10,9-17,,,,,,,,,,,,,,,,,,,,,,,,,,,,,,,,,,,,,,,,,,,,
062048,航天航空学院,工程疲劳与断裂,1班,2.0,40,田晓耕,创新港校区-2-3003,2,9-10,1-10,创新港校区-2-3003,4,1-2,1-10,,,,,,,,,,,,,,,,,,,,,,,,,,,,,,,,,,,,,,,,,,,,
062054,航天航空学院,现代飞行器设计,1班,2.0,32,梁旭,创新港校区-1-5052,7,3-6,1-8,,,,,,,,,,,,,,,,,,,,,,,,,,,,,,,,,,,,,,,,,,,,,,,,
062060,航天航空学院,可靠性设计基础,1班,2.0,32,刘马宝,创新港校区-2-3005,3,3-6,9-16,,,,,,,,,,,,,,,,,,,,,,,,,,,,,,,,,,,,,,,,,,,,,,,,
062097,航天航空学院,飞行器气动设计原理与实践,1班,4.0,80,陈刚,创新港校区-2-4005,6,3-6,11-11,创新港校区-2-4005,6,7-10,1-10,,,,,,,,,,,,,,,,,,,,,,,,,,,,,,,,,,,,,,,,,,,,
062100,航天航空学院,力学测量与无损检测,1班,4.0,64,李勇,创新港校区-2-4005,4,3-6,1-13,创新港校区-2-4005,5,3-6,14-16,,,,,,,,,,,,,,,,,,,,,,,,,,,,,,,,,,,,,,,,,,,,
062103,航天航空学院,损伤力学,1班,2.0,40,侯俊玲,创新港校区-2-4005,2,3-6,17-17,创新港校区-2-4006,5,3-6,9-17,,,,,,,,,,,,,,,,,,,,,,,,,,,,,,,,,,,,,,,,,,,,
062106,航天航空学院,飞行器制导与控制系统,1班,2.0,32,梁勇奇,创新港校区-2-3005,1,7-10,9-16,,,,,,,,,,,,,,,,,,,,,,,,,,,,,,,,,,,,,,,,,,,,,,,,
062110,航天航空学院,计算空气动力学,1班,2.0,40,许丁,创新港校区-2-3005,2,7-10,17-17,创新港校区-2-3005,4,7-10,9-17,,,,,,,,,,,,,,,,,,,,,,,,,,,,,,,,,,,,,,,,,,,,
062113,航天航空学院,高等动力学,1班,2.0,32,江俊,创新港校区-2-4005,3,3-6,9-16,,,,,,,,,,,,,,,,,,,,,,,,,,,,,,,,,,,,,,,,,,,,,,,,
062115,航天航空学院,现代组合导航技术,1班,2.0,40,孙剑,创新港校区-2-4005,2,1-2,9-9,创新港校区-2-4005,3,3-6,17-17,创新港校区-2-4005,5,3-4,9-9,创新港校区-2-4005,5,3-6,10-17,,,,,,,,,,,,,,,,,,,,,,,,,,,,,,,,,,,,
062123,航天航空学院,Dynamics of Rotating Machines,1班,2.0,40,杨利花,创新港校区-2-4004,5,3-6,1-10,,,,,,,,,,,,,,,,,,,,,,,,,,,,,,,,,,,,,,,,,,,,,,,,
062125,航天航空学院,Flight Dynamics,1班,2.0,40,荣海军,创新港校区-2-4006,5,3-6,1-10,,,,,,,,,,,,,,,,,,,,,,,,,,,,,,,,,,,,,,,,,,,,,,,,
062135,航天航空学院,高分子材料基础,1班,3.0,48,胡建,创新港校区-2-4002,2,7-10,1-8,创新港校区-2-4002,3,3-6,9-12,,,,,,,,,,,,,,,,,,,,,,,,,,,,,,,,,,,,,,,,,,,,
062139,航天航空学院,飞行器飞行动力学,1班,2.0,32,刘振,创新港校区-2-4004,4,3-6,9-16,,,,,,,,,,,,,,,,,,,,,,,,,,,,,,,,,,,,,,,,,,,,,,,,
062141,航天航空学院,Mechanics of Soft Materials,1班,2.0,32,卢同庆,创新港校区-2-5001,3,7-10,9-16,,,,,,,,,,,,,,,,,,,,,,,,,,,,,,,,,,,,,,,,,,,,,,,,
063006,航天航空学院,飞行器结构与环境（校企）,1班,2.0,32,董龙雷,创新港校区-5-2025,3,7-10,9-16,,,,,,,,,,,,,,,,,,,,,,,,,,,,,,,,,,,,,,,,,,,,,,,,
063007,航天航空学院,飞行器测控与数据融合处理（校企）,1班,2.0,32,梁勇奇,创新港校区-2-3003,4,3-6,1-8,,,,,,,,,,,,,,,,,,,,,,,,,,,,,,,,,,,,,,,,,,,,,,,,
063008,航天航空学院,航空结构强度技术（校企）,1班,2.0,32,杨利花,创新港校区-2-3005,6,3-6,1-8,,,,,,,,,,,,,,,,,,,,,,,,,,,,,,,,,,,,,,,,,,,,,,,,
063026,航天航空学院,固体力学导论,1班,3.0,48,田晓耕,创新港校区-5-1005,5,7-10,1-12,,,,,,,,,,,,,,,,,,,,,,,,,,,,,,,,,,,,,,,,,,,,,,,,
063028,航天航空学院,飞行器热防护,1班,2.0,32,张虎,创新港校区-2-4002,1,1-2,9-16,创新港校区-2-4002,2,9-10,9-16,,,,,,,,,,,,,,,,,,,,,,,,,,,,,,,,,,,,,,,,,,,,
063030,航天航空学院,液体火箭发动机设计原理（校企）,1班,2.0,36,张虎,创新港校区-2-4002,6,5-8,1-9,,,,,,,,,,,,,,,,,,,,,,,,,,,,,,,,,,,,,,,,,,,,,,,,
063031,航天航空学院,高等流体力学,1班,3.0,48,菅振,创新港校区-2-4006,1,5-6,1-12,创新港校区-2-4006,1,9-10,1-12,,,,,,,,,,,,,,,,,,,,,,,,,,,,,,,,,,,,,,,,,,,,
063039,航天航空学院,空天智能技术原理与应用（AI进阶）,1班,2.0,32,杨朝旭,创新港校区-5-1E101,7,7-10,1-8,,,,,,,,,,,,,,,,,,,,,,,,,,,,,,,,,,,,,,,,,,,,,,,,
072002,数学与统计学院,化学反应工程选论,1班,2.0,36,张军社,创新港校区-19-3110,4,5-6,1-8,创新港校区-19-3110,6,1-2,7-8,创新港校区-19-3110,7,5-6,1-8,,,,,,,,,,,,,,,,,,,,,,,,,,,,,,,,,,,,,,,,
072011,数学与统计学院,高等环境化学,1班,2.0,32,延卫,创新港校区-19-3107,5,3-6,9-16,,,,,,,,,,,,,,,,,,,,,,,,,,,,,,,,,,,,,,,,,,,,,,,,
072013,数学与统计学院,催化原理,1班,2.0,40,杨贵东,创新港校区-19-2092,2,1-2,9-16,创新港校区-19-2092,4,1-2,9-16,创新港校区-19-2092,5,1-2,13-16,,,,,,,,,,,,,,,,,,,,,,,,,,,,,,,,,,,,,,,,
072014,数学与统计学院,化工过程动态与控制,1班,2.0,40,吴震,创新港校区-19-3112,4,3-4,9-16,创新港校区-19-3112,6,3-4,9-14,创新港校区-19-3112,6,3-6,15-16,创新港校区-19-3112,6,5-6,13-14,,,,,,,,,,,,,,,,,,,,,,,,,,,,,,,,,,,,
072015,数学与统计学院,膜材料与膜过程,1班,2.0,40,伊春海,创新港校区-19-3112,2,7-8,9-12,创新港校区-19-3112,2,7-10,13-16,创新港校区-19-3112,4,7-8,9-16,,,,,,,,,,,,,,,,,,,,,,,,,,,,,,,,,,,,,,,,
072022,数学与统计学院,化工系统安全分析,1班,2.0,40,段权,创新港校区-19-3112,2,7-8,1-8,创新港校区-19-3112,4,9-10,5-8,创新港校区-19-3112,5,7-8,1-8,,,,,,,,,,,,,,,,,,,,,,,,,,,,,,,,,,,,,,,,
072024,数学与统计学院,高等环境生物化学,1班,2.0,32,李珊珊,创新港校区-19-4107,4,3-6,9-16,,,,,,,,,,,,,,,,,,,,,,,,,,,,,,,,,,,,,,,,,,,,,,,,
072029,数学与统计学院,能源化工过程分析,1班,2.0,32,段权,创新港校区-19-3105,1,7-8,9-16,创新港校区-19-3105,3,7-8,9-16,,,,,,,,,,,,,,,,,,,,,,,,,,,,,,,,,,,,,,,,,,,,
072040,数学与统计学院,分离工程选论,1班,2.0,40,刘敬军,创新港校区-19-5111,3,7-8,1-8,创新港校区-19-5111,4,3-4,1-8,创新港校区-19-5111,5,1-2,1-4,,,,,,,,,,,,,,,,,,,,,,,,,,,,,,,,,,,,,,,,
072125,数学与统计学院,Optimization Method,1班,2.0,32,梅占东,创新港校区-5-1E103,7,1-4,1-8,,,,,,,,,,,,,,,,,,,,,,,,,,,,,,,,,,,,,,,,,,,,,,,,
072127,数学与统计学院,Modern Optimization Methods,1班,2.0,32,陈志平,创新港校区-4-4220,3,3-4,1-8,创新港校区-4-4220,3,7-8,1-8,,,,,,,,,,,,,,,,,,,,,,,,,,,,,,,,,,,,,,,,,,,,
072135,数学与统计学院,Recent Advances in Nonstandard Finite Element Methods and their Applications,1班,2.0,32,王飞,创新港校区-4-4216,4,3-6,1-8,,,,,,,,,,,,,,,,,,,,,,,,,,,,,,,,,,,,,,,,,,,,,,,,
072136,数学与统计学院,现代数论,1班,2.0,32,何伟,创新港校区-4-4214,4,7-10,1-8,,,,,,,,,,,,,,,,,,,,,,,,,,,,,,,,,,,,,,,,,,,,,,,,
072139,数学与统计学院,动力系统基本理论与方法,1班,2.0,32,祖建,创新港校区-4-4214,4,3-6,1-8,,,,,,,,,,,,,,,,,,,,,,,,,,,,,,,,,,,,,,,,,,,,,,,,
072141,数学与统计学院,广义函数与Sobolev空间,1班,2.0,32,杨家青,创新港校区-4-4202,5,3-6,1-8,,,,,,,,,,,,,,,,,,,,,,,,,,,,,,,,,,,,,,,,,,,,,,,,
072142,数学与统计学院,高等概率论,1班,3.0,64,喻达磊,创新港校区-2-3002,3,7-10,1-8,创新港校区-5-4043,3,7-10,9-16,,,,,,,,,,,,,,,,,,,,,,,,,,,,,,,,,,,,,,,,,,,,
073011,数学与统计学院,面向对象编程C++,1班,2.0,40,王治国,创新港校区-4-3206,5,3-6,1-10,,,,,,,,,,,,,,,,,,,,,,,,,,,,,,,,,,,,,,,,,,,,,,,,
073018,数学与统计学院,Stochastic Differential Equation with Application,1班,2.0,32,康艳梅,创新港校区-5-5043,3,7-10,9-16,,,,,,,,,,,,,,,,,,,,,,,,,,,,,,,,,,,,,,,,,,,,,,,,
073020,数学与统计学院,Python与深度学习,1班,2.0,40,练春锋,创新港校区-5-1E101,3,3-6,9-12,创新港校区-5-1W103,3,3-6,13-16,创新港校区-5-1W103,5,7-10,15-16,,,,,,,,,,,,,,,,,,,,,,,,,,,,,,,,,,,,,,,,
073022,数学与统计学院,材料科学中的建模与计算,1班,2.0,32,李义宝,创新港校区-4-3210,6,3-6,1-8,,,,,,,,,,,,,,,,,,,,,,,,,,,,,,,,,,,,,,,,,,,,,,,,
073024,数学与统计学院,人工智能应用案例（校企）,1班,2.0,40,吴帮玉,创新港校区-5-4043,2,7-10,1-8,创新港校区-5-1005,2,7-10,9-10,,,,,,,,,,,,,,,,,,,,,,,,,,,,,,,,,,,,,,,,,,,,
073025,数学与统计学院,生物与生命科学中的数学模型与方法,1班,2.0,32,祖建,创新港校区-4-3210,4,3-6,9-16,,,,,,,,,,,,,,,,,,,,,,,,,,,,,,,,,,,,,,,,,,,,,,,,
073028,数学与统计学院,深度学习与人工智能,1班,2.0,32,谢琦,创新港校区-5-1E103,1,7-10,9-16,,,,,,,,,,,,,,,,,,,,,,,,,,,,,,,,,,,,,,,,,,,,,,,,
073032,数学与统计学院,研究生论文写作指导（数统）,1班,1.0,16,李义宝,创新港校区-5-1W105,5,7-10,1-4,,,,,,,,,,,,,,,,,,,,,,,,,,,,,,,,,,,,,,,,,,,,,,,,
073036,数学与统计学院,地震波探测原理及应用,1班,2.0,40,赵海霞,创新港校区-4-3216,6,3-6,1-8,创新港校区-4-3216,6,7-10,4-4,创新港校区-4-3216,6,7-10,8-8,,,,,,,,,,,,,,,,,,,,,,,,,,,,,,,,,,,,,,,,
073037,数学与统计学院,反散射简介,1班,2.0,32,杨家青,创新港校区-4-4214,2,3-6,1-8,,,,,,,,,,,,,,,,,,,,,,,,,,,,,,,,,,,,,,,,,,,,,,,,
073040,数学与统计学院,有限域,1班,2.0,32,郗平,创新港校区-4-4220,5,3-6,1-8,,,,,,,,,,,,,,,,,,,,,,,,,,,,,,,,,,,,,,,,,,,,,,,,
073058,数学与统计学院,机器学习的数学理论及前沿进展选讲（AI进阶）,1班,2.0,32,束俊,创新港校区-4-4220,1,7-10,1-8,,,,,,,,,,,,,,,,,,,,,,,,,,,,,,,,,,,,,,,,,,,,,,,,
073059,数学与统计学院,人工智能辅助科研写作的实践与应用（AI进阶）,1班,1.0,16,李义宝,创新港校区-5-1E103,6,7-10,1-4,,,,,,,,,,,,,,,,,,,,,,,,,,,,,,,,,,,,,,,,,,,,,,,,
073073,数学与统计学院,反问题的统计推断方法,1班,2.0,32,贾骏雄,创新港校区-4-3210,4,7-10,1-8,,,,,,,,,,,,,,,,,,,,,,,,,,,,,,,,,,,,,,,,,,,,,,,,
073075,数学与统计学院,偏微分方程反问题的现代机器学习方法（数统--采集式课程2026）,1班,2.0,32,贾骏雄,,,,,,,,,,,,,,,,,,,,,,,,,,,,,,,,,,,,,,,,,,,,,,,,,,,,
073076,数学与统计学院,AI驱动的多物理耦合计算（数统--采集式课程2026）,1班,2.0,32,李义宝,,,,,,,,,,,,,,,,,,,,,,,,,,,,,,,,,,,,,,,,,,,,,,,,,,,,
073077,数学与统计学院,大语言模型提示工程（数统--采集式课程2026）,1班,2.0,32,石家隆,,,,,,,,,,,,,,,,,,,,,,,,,,,,,,,,,,,,,,,,,,,,,,,,,,,,
073079,数学与统计学院,素数分布（数统--采集式课程2026）,1班,2.0,32,郗平,,,,,,,,,,,,,,,,,,,,,,,,,,,,,,,,,,,,,,,,,,,,,,,,,,,,
073082,数学与统计学院,非光滑动力系统理论和应用（数统--采集式课程2026）,1班,2.0,32,肖燕妮,,,,,,,,,,,,,,,,,,,,,,,,,,,,,,,,,,,,,,,,,,,,,,,,,,,,
073083,数学与统计学院,反散射问题的分析与计算（数统--采集式课程2026）,1班,2.0,32,徐小绪,,,,,,,,,,,,,,,,,,,,,,,,,,,,,,,,,,,,,,,,,,,,,,,,,,,,
073084,数学与统计学院,基于机器视觉与概率统计的世界动作模型研究（数统--采集式课程2026）,1班,2.0,32,许翔宇,,,,,,,,,,,,,,,,,,,,,,,,,,,,,,,,,,,,,,,,,,,,,,,,,,,,
073085,数学与统计学院,无穷维动力系统（数统-采集式课程2026）,1班,2.0,32,尤波,,,,,,,,,,,,,,,,,,,,,,,,,,,,,,,,,,,,,,,,,,,,,,,,,,,,
073086,数学与统计学院,偏微分方程经典文献选讲（数统--采集式课程2026）,1班,2.0,32,张正策,,,,,,,,,,,,,,,,,,,,,,,,,,,,,,,,,,,,,,,,,,,,,,,,,,,,
073088,数学与统计学院,可积系统,1班,2.0,32,刘小川,创新港校区-4-3216,3,3-6,9-16,,,,,,,,,,,,,,,,,,,,,,,,,,,,,,,,,,,,,,,,,,,,,,,,
082001,管理学院,非线性与组合优化,硕博贯通班,2.0,40,张惠丽,兴庆校区-工程馆-507,2,2-4,1-6,兴庆校区-工程馆-507,2,3-4,7-7,兴庆校区-工程馆-508,5,2-4,1-6,兴庆校区-工程馆-508,5,3-4,7-7,,,,,,,,,,,,,,,,,,,,,,,,,,,,,,,,,,,,
082002,管理学院,高级统计分析,硕博贯通班,2.0,40,孙少龙,兴庆校区-主楼A-304,6,2-4,1-6,兴庆校区-主楼A-304,6,3-4,7-7,兴庆校区-主楼A-304,7,2-4,1-6,兴庆校区-主楼A-304,7,3-4,7-7,,,,,,,,,,,,,,,,,,,,,,,,,,,,,,,,,,,,
082005,管理学院,经济博弈论,硕博贯通班,2.0,32,张峤,兴庆校区-主楼A-203,2,7-8,9-16,兴庆校区-主楼A-203,4,7-8,9-16,,,,,,,,,,,,,,,,,,,,,,,,,,,,,,,,,,,,,,,,,,,,
082009,管理学院,工业统计与质量科学,硕博贯通班,2.0,32,李健,兴庆校区-中3-2323,1,7-8,1-8,兴庆校区-中3-2323,4,3-4,1-8,,,,,,,,,,,,,,,,,,,,,,,,,,,,,,,,,,,,,,,,,,,,
082011,管理学院,国际商务研究前沿,硕博贯通班,2.0,32,王龙伟,兴庆校区-中3-3304,2,5-6,9-16,兴庆校区-中3-3304,5,5-6,9-16,,,,,,,,,,,,,,,,,,,,,,,,,,,,,,,,,,,,,,,,,,,,
082013,管理学院,创业学,硕博贯通班,2.0,32,赵文红,兴庆校区-主楼B-202,5,9-11,1-5,兴庆校区-主楼B-202,5,9-10,6-6,兴庆校区-主楼B-202,7,9-11,1-5,,,,,,,,,,,,,,,,,,,,,,,,,,,,,,,,,,,,,,,,
082016,管理学院,供应链管理,硕博贯通班,2.0,32,杨瑞娜,兴庆校区-中2-2248,4,9-11,1-5,兴庆校区-中2-2248,4,9-10,6-6,兴庆校区-中2-2248,6,9-11,1-5,,,,,,,,,,,,,,,,,,,,,,,,,,,,,,,,,,,,,,,,
082021,管理学院,项目决策与管理,硕博贯通班,2.0,32,孙卫,兴庆校区-西2东-341,2,5-6,1-8,兴庆校区-西2东-341,5,5-6,1-8,,,,,,,,,,,,,,,,,,,,,,,,,,,,,,,,,,,,,,,,,,,,
082023,管理学院,高级管理研究,硕博贯通班,2.0,40,杨建君,兴庆校区-主楼C-104,2,2-4,10-15,兴庆校区-主楼C-104,2,3-4,16-16,兴庆校区-主楼C-104,4,2-4,10-15,兴庆校区-主楼C-104,4,3-4,16-16,,,,,,,,,,,,,,,,,,,,,,,,,,,,,,,,,,,,
082035,管理学院,投资学,硕博贯通班,2.0,32,骆蕾,兴庆校区-中2-2248,1,7-8,1-8,兴庆校区-中2-2248,4,1-2,1-8,,,,,,,,,,,,,,,,,,,,,,,,,,,,,,,,,,,,,,,,,,,,
082045,管理学院,软计算方法,硕博贯通班,2.0,32,王伟,兴庆校区-文管-331,2,3-4,9-16,兴庆校区-文管-331,4,3-4,9-16,,,,,,,,,,,,,,,,,,,,,,,,,,,,,,,,,,,,,,,,,,,,
082126,管理学院,会计理论,硕博贯通班,2.0,32,张俊瑞,兴庆校区-中3-2356,2,3-4,1-8,兴庆校区-中3-2356,4,3-4,1-8,,,,,,,,,,,,,,,,,,,,,,,,,,,,,,,,,,,,,,,,,,,,
082176,管理学院,Organizational Behavior,1班,2.0,32,李福荔,创新港校区-2-4003,2,5-7,5-9,创新港校区-2-4003,2,9-10,5-5,创新港校区-2-4003,3,2-4,5-9,,,,,,,,,,,,,,,,,,,,,,,,,,,,,,,,,,,,,,,,
082177,管理学院,Foundations of Management,1班,2.0,32,王磊,创新港校区-2-4003,4,2-7,2-6,创新港校区-2-4003,4,2-3,7-7,,,,,,,,,,,,,,,,,,,,,,,,,,,,,,,,,,,,,,,,,,,,
082182,管理学院,Advanced Financial Management,1班,2.0,32,骆蕾,创新港校区-2-3001,2,2-7,1-5,创新港校区-2-3001,2,3-4,6-6,,,,,,,,,,,,,,,,,,,,,,,,,,,,,,,,,,,,,,,,,,,,
082194,管理学院,生产与物流系统优化,硕博贯通班,2.0,32,刘雅,兴庆校区-中2-2237,5,5-7,9-13,兴庆校区-中2-2237,5,5-6,14-14,兴庆校区-中2-2237,6,2-4,9-13,,,,,,,,,,,,,,,,,,,,,,,,,,,,,,,,,,,,,,,,
082196,管理学院,应用计量经济学,硕博贯通班,2.0,32,李留闯,兴庆校区-中2-3201,2,9-11,11-15,兴庆校区-中2-3201,2,9-10,16-16,兴庆校区-中2-3201,5,9-11,11-15,,,,,,,,,,,,,,,,,,,,,,,,,,,,,,,,,,,,,,,,
082220,管理学院,可扩展数据分析,硕博贯通班,2.0,32,王开东,兴庆校区-主楼D-205,1,3-4,9-16,兴庆校区-主楼D-205,5,3-4,9-16,,,,,,,,,,,,,,,,,,,,,,,,,,,,,,,,,,,,,,,,,,,,
082227,管理学院,战略管理专题研讨,硕博贯通班,2.0,32,弋亚群,兴庆校区-中3-2357,5,3-4,1-16,,,,,,,,,,,,,,,,,,,,,,,,,,,,,,,,,,,,,,,,,,,,,,,,
082229,管理学院,营销渠道管理,硕博贯通班,2.0,32,陶蕾,兴庆校区-中3-2329,1,3-4,9-16,兴庆校区-中3-2329,3,1-2,9-16,,,,,,,,,,,,,,,,,,,,,,,,,,,,,,,,,,,,,,,,,,,,
082231,管理学院,Operational Research,1班,2.0,32,程永席,创新港校区-2-5001,6,5-7,1-5,创新港校区-2-5001,6,5-6,6-6,创新港校区-2-5001,7,5-7,1-5,,,,,,,,,,,,,,,,,,,,,,,,,,,,,,,,,,,,,,,,
082235,管理学院,微观经济理论,硕博贯通班,2.0,48,孙永洪,兴庆校区-工程馆-511,2,5-7,1-8,兴庆校区-工程馆-511,4,5-7,1-8,,,,,,,,,,,,,,,,,,,,,,,,,,,,,,,,,,,,,,,,,,,,
082238,管理学院,Business Ethics and Corporate Social Responsibility,1班,2.0,32,张喆,创新港校区-2-4002,3,2-7,1-5,创新港校区-2-4002,3,3-4,6-6,,,,,,,,,,,,,,,,,,,,,,,,,,,,,,,,,,,,,,,,,,,,
082239,管理学院,Business Statistics,1班,2.0,32,林军,创新港校区-2-5001,1,5-7,9-9,创新港校区-2-5001,1,5-7,10-13,创新港校区-2-5001,1,9-10,9-9,创新港校区-2-5001,2,5-7,10-13,创新港校区-2-5001,5,5-7,9-9,,,,,,,,,,,,,,,,,,,,,,,,,,,,,,,,
082241,管理学院,创业管理研究前沿,硕博贯通班,2.0,32,苏中锋,兴庆校区-中3-2337,1,3-4,1-8,兴庆校区-中3-2337,5,7-8,1-8,,,,,,,,,,,,,,,,,,,,,,,,,,,,,,,,,,,,,,,,,,,,
088020,管理学院,Economic Theory,1班,2.0,32,董南雁,兴庆校区-中2-2231,2,5-7,9-13,兴庆校区-中2-2231,2,5-6,14-14,兴庆校区-中2-2231,4,5-7,9-13,,,,,,,,,,,,,,,,,,,,,,,,,,,,,,,,,,,,,,,,
088023,管理学院,Marketing Management,1班,2.0,32,刘园园,兴庆校区-主楼C-404,3,3-4,2-9,兴庆校区-主楼C-404,5,3-4,2-9,,,,,,,,,,,,,,,,,,,,,,,,,,,,,,,,,,,,,,,,,,,,
088028,管理学院,Accounting theory and Research,1班,2.0,32,司毅,兴庆校区-中2-3215,2,3-4,10-16,兴庆校区-中2-3215,3,3-4,15-16,兴庆校区-中2-3215,4,3-4,10-16,,,,,,,,,,,,,,,,,,,,,,,,,,,,,,,,,,,,,,,,
088066,管理学院,Management Research Methods,1班,2.0,32,陶蕾,创新港校区-2-3003,1,2-4,2-6,创新港校区-2-3003,5,2-4,2-6,创新港校区-2-3003,5,5-6,6-6,,,,,,,,,,,,,,,,,,,,,,,,,,,,,,,,,,,,,,,,
088067,管理学院,优化理论,硕博贯通班,2.0,32,程永席,兴庆校区-主楼B-202,6,5-7,9-13,兴庆校区-主楼B-202,6,5-6,14-14,兴庆校区-主楼B-202,7,5-7,9-13,,,,,,,,,,,,,,,,,,,,,,,,,,,,,,,,,,,,,,,,
088069,管理学院,机器学习与决策分析（AI进阶）,硕博贯通班,2.0,32,刘佳鹏,兴庆校区-主楼C-104,1,9-11,11-15,兴庆校区-主楼C-104,1,9-10,16-16,兴庆校区-主楼C-104,4,9-11,11-15,,,,,,,,,,,,,,,,,,,,,,,,,,,,,,,,,,,,,,,,
088070,管理学院,高级博弈论,硕博贯通班,2.0,32,张峤,兴庆校区-主楼A-203,2,5-6,9-16,兴庆校区-主楼A-203,4,5-6,9-16,,,,,,,,,,,,,,,,,,,,,,,,,,,,,,,,,,,,,,,,,,,,
088073,管理学院,Application of Research Techniques and Academic Thesis Writing,1班,2.0,32,FONSEKA MEIMANAGE MOHANPRADEEP,创新港校区-2-4003,4,2-7,8-12,创新港校区-2-4003,4,3-4,13-13,,,,,,,,,,,,,,,,,,,,,,,,,,,,,,,,,,,,,,,,,,,,
088119,管理学院,Digital Marketing,1班,2.0,32,刘野逸,创新港校区-2-3001,2,2-4,13-13,创新港校区-2-3001,2,3-7,14-16,创新港校区-2-3001,4,5-7,13-13,创新港校区-2-3001,4,5-7,14-16,创新港校区-2-3001,4,9-10,13-13,,,,,,,,,,,,,,,,,,,,,,,,,,,,,,,,
091003,理学院,计算方法,1班,3.0,84,马军,创新港校区-5-1E103,1,3-4,1-12,创新港校区-5-1E103,3,5-6,1-12,,,,,,,,,,,,,,,,,,,,,,,,,,,,,,,,,,,,,,,,,,,,
091003,理学院,计算方法,2班,3.0,84,马军,创新港校区-5-1E103,1,5-6,1-12,创新港校区-5-1E103,3,3-4,1-12,,,,,,,,,,,,,,,,,,,,,,,,,,,,,,,,,,,,,,,,,,,,
091003,理学院,计算方法,3班,3.0,84,梅立泉,创新港校区-5-1W103,2,3-6,1-12,,,,,,,,,,,,,,,,,,,,,,,,,,,,,,,,,,,,,,,,,,,,,,,,
091003,理学院,计算方法,4班,3.0,84,梅立泉,创新港校区-5-1W101,3,3-6,1-12,,,,,,,,,,,,,,,,,,,,,,,,,,,,,,,,,,,,,,,,,,,,,,,,
091003,理学院,计算方法,5班,3.0,84,梅立泉,创新港校区-5-1W103,4,3-6,1-12,,,,,,,,,,,,,,,,,,,,,,,,,,,,,,,,,,,,,,,,,,,,,,,,
091003,理学院,计算方法,6班,3.0,84,侯延仁,创新港校区-5-1W101,4,3-6,1-12,,,,,,,,,,,,,,,,,,,,,,,,,,,,,,,,,,,,,,,,,,,,,,,,
091003,理学院,计算方法,7班,3.0,84,苏剑,创新港校区-5-1W105,4,3-6,1-12,,,,,,,,,,,,,,,,,,,,,,,,,,,,,,,,,,,,,,,,,,,,,,,,
091003,理学院,计算方法,8班,3.0,84,晏文璟,创新港校区-5-1W103,5,3-6,1-12,,,,,,,,,,,,,,,,,,,,,,,,,,,,,,,,,,,,,,,,,,,,,,,,
091003,理学院,计算方法,13班,3.0,84,郭士民,兴庆校区-中3-1300,2,7-10,1-12,,,,,,,,,,,,,,,,,,,,,,,,,,,,,,,,,,,,,,,,,,,,,,,,
091003,理学院,计算方法,10班（能动）,3.0,84,张猛,创新港校区-5-1W105,3,3-6,1-12,,,,,,,,,,,,,,,,,,,,,,,,,,,,,,,,,,,,,,,,,,,,,,,,
091003,理学院,计算方法,11班（机械）,3.0,84,臧顺来,创新港校区-5-1W101,5,3-6,1-12,,,,,,,,,,,,,,,,,,,,,,,,,,,,,,,,,,,,,,,,,,,,,,,,
091003,理学院,计算方法,12班（机械）,3.0,84,连芩,创新港校区-5-1W103,6,1-2,1-12,创新港校区-5-1W103,6,5-6,1-12,,,,,,,,,,,,,,,,,,,,,,,,,,,,,,,,,,,,,,,,,,,,
091003,理学院,计算方法,9班（能动）,3.0,84,张猛,创新港校区-5-1W101,2,3-6,1-12,,,,,,,,,,,,,,,,,,,,,,,,,,,,,,,,,,,,,,,,,,,,,,,,
091006,理学院,数理统计,1班,2.0,32,许翔宇,创新港校区-5-2W201,3,3-4,1-8,创新港校区-5-2W201,4,3-4,1-8,,,,,,,,,,,,,,,,,,,,,,,,,,,,,,,,,,,,,,,,,,,,
091006,理学院,数理统计,2班,2.0,32,岳宗胜,创新港校区-5-2W201,3,5-6,1-8,创新港校区-5-2W201,4,5-6,1-8,,,,,,,,,,,,,,,,,,,,,,,,,,,,,,,,,,,,,,,,,,,,
091006,理学院,数理统计,3班,2.0,32,古祥,兴庆校区-主楼B-205,3,3-6,1-8,,,,,,,,,,,,,,,,,,,,,,,,,,,,,,,,,,,,,,,,,,,,,,,,
092001,理学院,聚合物化学物理前沿,1班,2.0,32,于德梅,创新港校区-19-4110,4,3-6,1-8,,,,,,,,,,,,,,,,,,,,,,,,,,,,,,,,,,,,,,,,,,,,,,,,
092002,理学院,界面化学,1班,2.0,32,魏巍,创新港校区-19-2097,1,5-6,9-16,创新港校区-19-2097,3,5-6,9-16,,,,,,,,,,,,,,,,,,,,,,,,,,,,,,,,,,,,,,,,,,,,
092003,理学院,生物有机化学（混合）,1班,2.0,32,唐玉海,创新港校区-19-2097,4,3-6,9-10,创新港校区-19-2097,4,3-6,12-14,创新港校区-19-2097,4,3-6,16-16,,,,,,,,,,,,,,,,,,,,,,,,,,,,,,,,,,,,,,,,
092004,理学院,高等有机化学（2）,1班,2.0,32,郭丽娜,创新港校区-19-4110,1,9-10,1-8,创新港校区-19-4110,3,3-4,1-8,,,,,,,,,,,,,,,,,,,,,,,,,,,,,,,,,,,,,,,,,,,,
092008,理学院,高等分析化学,1班,2.0,32,肖春辉,创新港校区-19-5111,2,3-6,9-16,,,,,,,,,,,,,,,,,,,,,,,,,,,,,,,,,,,,,,,,,,,,,,,,
092022,理学院,群论,1班,2.0,40,王延申,创新港校区-4-5202,5,3-6,1-10,,,,,,,,,,,,,,,,,,,,,,,,,,,,,,,,,,,,,,,,,,,,,,,,
092044,理学院,凝聚态物理导论,1班,2.0,40,张胜利,创新港校区-4-4220,4,3-4,7-16,创新港校区-4-4220,4,7-8,7-16,,,,,,,,,,,,,,,,,,,,,,,,,,,,,,,,,,,,,,,,,,,,
092047,理学院,随机过程理论,1班,3.0,64,段启宏,创新港校区-4-3206,2,7-8,1-16,创新港校区-4-3206,4,7-8,1-16,,,,,,,,,,,,,,,,,,,,,,,,,,,,,,,,,,,,,,,,,,,,
092049,理学院,高等数理统计,1班,3.0,64,姜丹丹,创新港校区-4-3208,4,3-6,1-16,,,,,,,,,,,,,,,,,,,,,,,,,,,,,,,,,,,,,,,,,,,,,,,,
092051,理学院,非线性分析,1班,3.0,64,陈红斌,创新港校区-5-4043,7,5-8,1-16,,,,,,,,,,,,,,,,,,,,,,,,,,,,,,,,,,,,,,,,,,,,,,,,
092070,理学院,机器学习,1班,2.0,32,孟德宇,创新港校区-5-1W105,5,5-8,5-12,,,,,,,,,,,,,,,,,,,,,,,,,,,,,,,,,,,,,,,,,,,,,,,,
092076,理学院,Modern functional analysis,1班,2.0,32,陈红斌,创新港校区-4-3220,6,5-8,9-16,,,,,,,,,,,,,,,,,,,,,,,,,,,,,,,,,,,,,,,,,,,,,,,,
092090,理学院,模型降阶方法,1班,2.0,32,蒋耀林,创新港校区-4-3208,3,3-6,9-16,,,,,,,,,,,,,,,,,,,,,,,,,,,,,,,,,,,,,,,,,,,,,,,,
092103,理学院,材料物理性能及测试,1班,2.0,40,杨志懋,创新港校区-4-5202,5,7-10,1-10,,,,,,,,,,,,,,,,,,,,,,,,,,,,,,,,,,,,,,,,,,,,,,,,
093007,理学院,超强激光物理前沿,1班,2.0,32,栗建兴,创新港校区-4-5208,2,3-6,1-8,,,,,,,,,,,,,,,,,,,,,,,,,,,,,,,,,,,,,,,,,,,,,,,,
093010,理学院,新能源材料,1班,2.0,32,赵铭姝,创新港校区-4-5202,4,3-6,1-8,,,,,,,,,,,,,,,,,,,,,,,,,,,,,,,,,,,,,,,,,,,,,,,,
093011,理学院,化学电源工艺（校企）,1班,2.0,32,汪飞,创新港校区-4-5208,6,3-6,9-16,,,,,,,,,,,,,,,,,,,,,,,,,,,,,,,,,,,,,,,,,,,,,,,,
093013,理学院,材料测试分析仪器使用,1班,2.0,40,张晖,创新港校区-4-3216,4,7-10,7-16,,,,,,,,,,,,,,,,,,,,,,,,,,,,,,,,,,,,,,,,,,,,,,,,
093017,理学院,等离子体与原子分子物理前沿进展,1班,2.0,40,赵永涛,创新港校区-4-3220,5,3-6,1-10,,,,,,,,,,,,,,,,,,,,,,,,,,,,,,,,,,,,,,,,,,,,,,,,
093018,理学院,有机化合物波谱解析,1班,2.0,32,刘乐,创新港校区-19-2097,2,3-6,1-8,,,,,,,,,,,,,,,,,,,,,,,,,,,,,,,,,,,,,,,,,,,,,,,,
102008,人文社会科学学院,法理学研究,1班,2.0,32,齐鹏,创新港校区-5-4106,5,1-2,9-16,创新港校区-5-4106,5,5-6,9-16,,,,,,,,,,,,,,,,,,,,,,,,,,,,,,,,,,,,,,,,,,,,
102009,人文社会科学学院,经济法理论研究,1班,2.0,32,苟学珍,创新港校区-5-2001,3,3-4,9-16,创新港校区-5-2001,3,9-10,9-16,,,,,,,,,,,,,,,,,,,,,,,,,,,,,,,,,,,,,,,,,,,,
102013,人文社会科学学院,司法实务研究,1班,2.0,32,孙那,创新港校区-5-2006,2,7-10,1-8,,,,,,,,,,,,,,,,,,,,,,,,,,,,,,,,,,,,,,,,,,,,,,,,
102014,人文社会科学学院,民法学专题研究,1班,2.0,32,张珍星,创新港校区-5-2010,2,3-4,9-16,创新港校区-5-2010,2,7-8,9-16,,,,,,,,,,,,,,,,,,,,,,,,,,,,,,,,,,,,,,,,,,,,
102015,人文社会科学学院,知识产权法专题研究,1班,2.0,32,孙那,创新港校区-5-2012,4,7-10,9-16,,,,,,,,,,,,,,,,,,,,,,,,,,,,,,,,,,,,,,,,,,,,,,,,
102016,人文社会科学学院,商法学专题研究,1班,2.0,32,马宁,创新港校区-5-2027,5,1-2,1-8,创新港校区-5-2027,5,5-6,1-8,,,,,,,,,,,,,,,,,,,,,,,,,,,,,,,,,,,,,,,,,,,,
102018,人文社会科学学院,信息安全法专题研究,1班,2.0,32,王玥,创新港校区-5-3109,2,3-6,1-8,,,,,,,,,,,,,,,,,,,,,,,,,,,,,,,,,,,,,,,,,,,,,,,,
102021,人文社会科学学院,国际法理论研究,1班,2.0,32,陈虹睿,创新港校区-5-2001,5,3-4,1-8,创新港校区-5-2001,5,7-8,1-8,,,,,,,,,,,,,,,,,,,,,,,,,,,,,,,,,,,,,,,,,,,,
102028,人文社会科学学院,国外马克思主义专题研究,1班,2.0,40,马小虎,兴庆校区-主楼B-405,2,1-2,1-8,兴庆校区-主楼B-405,4,3-4,1-8,兴庆校区-主楼B-202,4,9-10,1-4,,,,,,,,,,,,,,,,,,,,,,,,,,,,,,,,,,,,,,,,
102037,人文社会科学学院,城市化与人口问题,1班,2.0,40,闫臻,创新港校区-5-4108,5,1-4,1-10,,,,,,,,,,,,,,,,,,,,,,,,,,,,,,,,,,,,,,,,,,,,,,,,
102040,人文社会科学学院,组织社会学研究,1班,2.0,32,李晓光,创新港校区-5-3107,4,1-4,1-8,,,,,,,,,,,,,,,,,,,,,,,,,,,,,,,,,,,,,,,,,,,,,,,,
102041,人文社会科学学院,文艺学研究,1班,2.0,32,姚明今,创新港校区-5-2010,4,1-4,1-8,,,,,,,,,,,,,,,,,,,,,,,,,,,,,,,,,,,,,,,,,,,,,,,,
102043,人文社会科学学院,汉语文化学（体美劳）,1班,2.0,32,许浩然,创新港校区-5-2031,5,1-4,1-8,,,,,,,,,,,,,,,,,,,,,,,,,,,,,,,,,,,,,,,,,,,,,,,,
102046,人文社会科学学院,中国文学理论与批评专题研究,1班,2.0,32,翟杨莉,创新港校区-5-2070,2,1-4,5-6,创新港校区-5-2018,3,1-4,1-4,创新港校区-5-2018,3,1-4,7-8,,,,,,,,,,,,,,,,,,,,,,,,,,,,,,,,,,,,,,,,
102049,人文社会科学学院,文学、文化传播,1班,2.0,32,雷天宇,创新港校区-5-2099,4,5-8,1-8,,,,,,,,,,,,,,,,,,,,,,,,,,,,,,,,,,,,,,,,,,,,,,,,
102053,人文社会科学学院,《资本论》研究,1班,2.0,40,范玉仙,兴庆校区-中3-2329,2,3-4,9-12,兴庆校区-中2-2237,4,1-2,9-16,兴庆校区-中2-2237,4,5-6,9-16,,,,,,,,,,,,,,,,,,,,,,,,,,,,,,,,,,,,,,,,
102070,人文社会科学学院,传播学理论研究,1班,2.0,32,杨琳,创新港校区-1-4061,4,3-6,1-8,,,,,,,,,,,,,,,,,,,,,,,,,,,,,,,,,,,,,,,,,,,,,,,,
102094,人文社会科学学院,系统科学与复杂性理论专题研究,1班,2.0,32,邬天启,创新港校区-5-4043,2,1-4,1-8,,,,,,,,,,,,,,,,,,,,,,,,,,,,,,,,,,,,,,,,,,,,,,,,
102104,人文社会科学学院,马克思主义经典著作选读及原理专题,1班,3.0,48,燕连福,兴庆校区-主楼A-103,1,3-4,1-8,兴庆校区-主楼A-103,1,7-8,1-8,,,,,,,,,,,,,,,,,,,,,,,,,,,,,,,,,,,,,,,,,,,,
102106,人文社会科学学院,政治学专题研究,1班,2.0,32,李秀珍,兴庆校区-中2-2208,2,1-2,9-16,兴庆校区-中2-2208,4,5-6,9-16,,,,,,,,,,,,,,,,,,,,,,,,,,,,,,,,,,,,,,,,,,,,
102108,人文社会科学学院,中国文化史专题研究,1班,2.0,40,陆卫明,兴庆校区-主楼B-402,4,3-6,9-16,,,,,,,,,,,,,,,,,,,,,,,,,,,,,,,,,,,,,,,,,,,,,,,,
102123,人文社会科学学院,Interior design research（校企）（实践）,1班,4.0,80,冯伟,创新港校区-5-2072,4,1-8,9-16,,,,,,,,,,,,,,,,,,,,,,,,,,,,,,,,,,,,,,,,,,,,,,,,
102125,人文社会科学学院,中国画基础研究（实践）,1班,2.0,32,周利明,创新港校区-5-4058,4,5-8,9-16,,,,,,,,,,,,,,,,,,,,,,,,,,,,,,,,,,,,,,,,,,,,,,,,
102126,人文社会科学学院,中国书法理论,1班,2.0,32,王劲,创新港校区-5-2068,4,1-4,1-8,,,,,,,,,,,,,,,,,,,,,,,,,,,,,,,,,,,,,,,,,,,,,,,,
102129,人文社会科学学院,雕塑语言研究,1班,4.0,64,苗祥瑞,创新港校区-2-5002,4,1-8,1-8,,,,,,,,,,,,,,,,,,,,,,,,,,,,,,,,,,,,,,,,,,,,,,,,
102131,人文社会科学学院,短期油画研究,1班,4.0,64,杨健雄,创新港校区-2-5002,5,1-8,1-8,,,,,,,,,,,,,,,,,,,,,,,,,,,,,,,,,,,,,,,,,,,,,,,,
102135,人文社会科学学院,艺术史论,1班,2.0,32,周利明,创新港校区-5-4045,2,3-6,1-8,,,,,,,,,,,,,,,,,,,,,,,,,,,,,,,,,,,,,,,,,,,,,,,,
102142,人文社会科学学院,Researches in Classical Works of Foreignphilosophy,1班,2.0,32,王嘉新,创新港校区-5-4043,2,5-8,9-16,,,,,,,,,,,,,,,,,,,,,,,,,,,,,,,,,,,,,,,,,,,,,,,,
102158,人文社会科学学院,国乐鉴赏与审美,1班,2.0,32,方小笛,创新港校区-工程博物馆-音乐教室,4,1-4,1-8,,,,,,,,,,,,,,,,,,,,,,,,,,,,,,,,,,,,,,,,,,,,,,,,
102166,人文社会科学学院,体育科学研究方法,1班,2.0,32,陈善平,兴庆校区-中2-2247,2,1-2,1-16,,,,,,,,,,,,,,,,,,,,,,,,,,,,,,,,,,,,,,,,,,,,,,,,
102174,人文社会科学学院,行政法与行政诉讼法专题研究,1班,2.0,32,刘东亮,创新港校区-5-2010,2,1-2,1-8,创新港校区-5-2010,2,7-8,1-8,,,,,,,,,,,,,,,,,,,,,,,,,,,,,,,,,,,,,,,,,,,,
102175,人文社会科学学院,民商法理论研究,1班,2.0,32,聂卫锋,创新港校区-5-7045,1,3-4,1-8,创新港校区-5-7045,1,9-10,1-8,,,,,,,,,,,,,,,,,,,,,,,,,,,,,,,,,,,,,,,,,,,,
102199,人文社会科学学院,马克思主义经典著作精读,1班,3.0,48,郑冬芳,兴庆校区-主楼C-405,2,5-6,9-16,兴庆校区-主楼C-405,5,3-6,9-16,,,,,,,,,,,,,,,,,,,,,,,,,,,,,,,,,,,,,,,,,,,,
102200,人文社会科学学院,马克思主义政治观研究,1班,2.0,32,王永香,兴庆校区-主楼B-205,2,7-8,9-16,兴庆校区-主楼B-205,4,7-8,9-16,,,,,,,,,,,,,,,,,,,,,,,,,,,,,,,,,,,,,,,,,,,,
102202,人文社会科学学院,马克思主义中国化理论前沿问题研究,1班,2.0,40,陆卫明,兴庆校区-主楼C-405,4,3-6,1-8,兴庆校区-主楼C-105,4,9-10,6-6,兴庆校区-主楼C-105,4,9-11,7-8,,,,,,,,,,,,,,,,,,,,,,,,,,,,,,,,,,,,,,,,
102209,人文社会科学学院,环境社会学专题研究,1班,2.0,32,卢春天,创新港校区-5-4108,3,1-4,1-8,,,,,,,,,,,,,,,,,,,,,,,,,,,,,,,,,,,,,,,,,,,,,,,,
102216,人文社会科学学院,新媒体媒介伦理与法规,1班,2.0,32,蒙胜军,创新港校区-1-4061,5,3-6,9-16,,,,,,,,,,,,,,,,,,,,,,,,,,,,,,,,,,,,,,,,,,,,,,,,
102218,人文社会科学学院,传播学理论研究与应用,1班,2.0,32,张窈,创新港校区-1-4057,4,7-10,1-8,,,,,,,,,,,,,,,,,,,,,,,,,,,,,,,,,,,,,,,,,,,,,,,,
102219,人文社会科学学院,传播学研究方法与应用,1班,2.0,32,刘焕,创新港校区-1-4057,4,3-6,1-8,,,,,,,,,,,,,,,,,,,,,,,,,,,,,,,,,,,,,,,,,,,,,,,,
102221,人文社会科学学院,新闻学理论研究与应用,1班,2.0,40,黄蓉,创新港校区-1-4057,1,7-10,7-16,,,,,,,,,,,,,,,,,,,,,,,,,,,,,,,,,,,,,,,,,,,,,,,,
102222,人文社会科学学院,美学与现代性专题研究,1班,2.0,32,妥建清,创新港校区-5-2010,2,3-6,1-8,,,,,,,,,,,,,,,,,,,,,,,,,,,,,,,,,,,,,,,,,,,,,,,,
102224,人文社会科学学院,高级社会学定量分析方法,1班,2.0,32,朱晓文,创新港校区-5-4108,2,5-8,11-16,创新港校区-5-4108,2,7-8,9-10,创新港校区-5-4108,3,3-4,9-10,,,,,,,,,,,,,,,,,,,,,,,,,,,,,,,,,,,,,,,,
102225,人文社会科学学院,家庭婚姻与性别研究,1班,2.0,32,孙晓娥,创新港校区-5-2062,1,1-4,1-8,,,,,,,,,,,,,,,,,,,,,,,,,,,,,,,,,,,,,,,,,,,,,,,,
102226,人文社会科学学院,社会分层与流动研究,1班,2.0,32,张顺,创新港校区-5-4108,4,5-8,9-16,,,,,,,,,,,,,,,,,,,,,,,,,,,,,,,,,,,,,,,,,,,,,,,,
102229,人文社会科学学院,社会工作理论专题,1班,2.0,32,王渭玲,创新港校区-5-4108,5,5-8,9-16,,,,,,,,,,,,,,,,,,,,,,,,,,,,,,,,,,,,,,,,,,,,,,,,
102230,人文社会科学学院,高级社会工作实务（校企）（实践）,1班,2.0,32,彭瑾,创新港校区-5-2006,4,5-8,9-16,,,,,,,,,,,,,,,,,,,,,,,,,,,,,,,,,,,,,,,,,,,,,,,,
102231,人文社会科学学院,社会工作研究方法,1班,2.0,40,贺力,创新港校区-5-2010,3,1-4,1-10,,,,,,,,,,,,,,,,,,,,,,,,,,,,,,,,,,,,,,,,,,,,,,,,
102232,人文社会科学学院,社会工作评估专题（校企）（实践）,1班,2.0,32,李娜,创新港校区-5-2006,4,5-8,1-8,,,,,,,,,,,,,,,,,,,,,,,,,,,,,,,,,,,,,,,,,,,,,,,,
102235,人文社会科学学院,中国哲学经典研究,1班,2.0,32,张培高,创新港校区-5-4043,3,1-4,1-8,,,,,,,,,,,,,,,,,,,,,,,,,,,,,,,,,,,,,,,,,,,,,,,,
102237,人文社会科学学院,研究生论文写作指导（人文-博哲学）,1班,1.0,16,马文保,创新港校区-5-4043,5,5-8,1-4,,,,,,,,,,,,,,,,,,,,,,,,,,,,,,,,,,,,,,,,,,,,,,,,
102238,人文社会科学学院,人类行为与环境专题,1班,2.0,32,王瑜萍,创新港校区-5-2012,5,1-4,1-8,,,,,,,,,,,,,,,,,,,,,,,,,,,,,,,,,,,,,,,,,,,,,,,,
102408,人文社会科学学院,当代社会学理论及其前沿问题,1班,2.0,40,姜利标,创新港校区-5-4108,2,1-2,1-8,创新港校区-5-4108,2,1-4,9-10,创新港校区-5-4108,2,5-6,1-8,,,,,,,,,,,,,,,,,,,,,,,,,,,,,,,,,,,,,,,,
102410,人文社会科学学院,数据处理与统计分析,1班,2.0,32,朱晓文,创新港校区-5-4108,1,7-8,1-8,创新港校区-5-4108,2,3-4,1-8,,,,,,,,,,,,,,,,,,,,,,,,,,,,,,,,,,,,,,,,,,,,
102411,人文社会科学学院,社会学经典理论,1班,2.0,32,杨建科,创新港校区-5-4108,4,5-8,1-8,,,,,,,,,,,,,,,,,,,,,,,,,,,,,,,,,,,,,,,,,,,,,,,,
102413,人文社会科学学院,社会网络与社会资本研究,1班,2.0,32,郭小弦,创新港校区-5-5109,4,5-8,1-8,,,,,,,,,,,,,,,,,,,,,,,,,,,,,,,,,,,,,,,,,,,,,,,,
102414,人文社会科学学院,大众传播与社会发展研究,1班,2.0,32,杨琳,兴庆校区-主楼B-205,3,9-10,1-8,兴庆校区-主楼B-205,5,9-10,1-8,,,,,,,,,,,,,,,,,,,,,,,,,,,,,,,,,,,,,,,,,,,,
102415,人文社会科学学院,新闻传播与舆论导向研究,1班,2.0,40,李明德,兴庆校区-主楼A-202,2,3-6,1-8,兴庆校区-主楼A-202,2,9-10,1-4,,,,,,,,,,,,,,,,,,,,,,,,,,,,,,,,,,,,,,,,,,,,
102428,人文社会科学学院,社会治理与政策研究,1班,2.0,40,李黎明,创新港校区-5-4108,5,5-8,1-8,,,,,,,,,,,,,,,,,,,,,,,,,,,,,,,,,,,,,,,,,,,,,,,,
102430,人文社会科学学院,文学与宗教关系研究（体美劳）,1班,1.0,16,刘彦彦,创新港校区-5-2006,2,5-8,9-12,,,,,,,,,,,,,,,,,,,,,,,,,,,,,,,,,,,,,,,,,,,,,,,,
102432,人文社会科学学院,传播学研究方法,1班,2.0,32,缑赫,创新港校区-1-4059,4,7-10,9-16,,,,,,,,,,,,,,,,,,,,,,,,,,,,,,,,,,,,,,,,,,,,,,,,
102438,人文社会科学学院,社会工作伦理（校企）,1班,2.0,32,孙晓冬,创新港校区-5-2006,4,1-4,1-8,,,,,,,,,,,,,,,,,,,,,,,,,,,,,,,,,,,,,,,,,,,,,,,,
102452,人文社会科学学院,道家哲学专题研究（混合）,1班,2.0,33,韩鹏杰,创新港校区-5-4043,4,2-4,10-16,,,,,,,,,,,,,,,,,,,,,,,,,,,,,,,,,,,,,,,,,,,,,,,,
103003,人文社会科学学院,文化产业导论,1班,1.0,16,黎荔,创新港校区-5-2035,4,1-4,9-12,,,,,,,,,,,,,,,,,,,,,,,,,,,,,,,,,,,,,,,,,,,,,,,,
103010,人文社会科学学院,社交媒体理论与实务,1班,2.0,32,陈强,创新港校区-1-4057,4,3-6,9-16,,,,,,,,,,,,,,,,,,,,,,,,,,,,,,,,,,,,,,,,,,,,,,,,
103014,人文社会科学学院,新媒体运营（校企）,1班,2.0,32,张宏邦,创新港校区-1-4059,5,7-10,9-16,,,,,,,,,,,,,,,,,,,,,,,,,,,,,,,,,,,,,,,,,,,,,,,,
103015,人文社会科学学院,中国现当代文学专题,1班,2.0,32,翟杨莉,创新港校区-5-2012,3,1-4,9-16,,,,,,,,,,,,,,,,,,,,,,,,,,,,,,,,,,,,,,,,,,,,,,,,
103026,人文社会科学学院,中国现代散文专题研究,1班,2.0,40,裴春芳,创新港校区-5-2035,5,1-4,9-10,创新港校区-5-2099,5,5-8,9-16,,,,,,,,,,,,,,,,,,,,,,,,,,,,,,,,,,,,,,,,,,,,
103027,人文社会科学学院,复杂社会网络实证研究,1班,2.0,32,蔡萌,创新港校区-5-4108,6,5-8,1-8,,,,,,,,,,,,,,,,,,,,,,,,,,,,,,,,,,,,,,,,,,,,,,,,
103039,人文社会科学学院,马克思主义新闻观,1班,2.0,32,叶妮,创新港校区-1-4059,2,7-10,9-16,,,,,,,,,,,,,,,,,,,,,,,,,,,,,,,,,,,,,,,,,,,,,,,,
103040,人文社会科学学院,Contemporary Chinese Society,1班,2.0,32,孙晓娥,创新港校区-5-2099,4,5-8,9-16,,,,,,,,,,,,,,,,,,,,,,,,,,,,,,,,,,,,,,,,,,,,,,,,
103041,人文社会科学学院,Gender and Chinese Society,1班,2.0,32,徐婧,创新港校区-5-3109,2,1-4,14-14,创新港校区-5-3109,2,5-8,9-11,创新港校区-5-3109,2,5-8,13-13,创新港校区-5-3109,2,5-8,15-16,创新港校区-5-3109,2,7-10,12-12,,,,,,,,,,,,,,,,,,,,,,,,,,,,,,,,
103049,人文社会科学学院,Chinese music appreciation,1班,2.0,32,梁睿,创新港校区-5-2070,3,5-8,5-8,创新港校区-5-2070,5,5-8,1-4,,,,,,,,,,,,,,,,,,,,,,,,,,,,,,,,,,,,,,,,,,,,
103050,人文社会科学学院,Chinese Architecture and Landscape Cultural Heritage Protection,1班,2.0,32,蒋维乐,创新港校区-5-2048,1,3-6,10-16,创新港校区-5-2035,3,5-8,9-9,,,,,,,,,,,,,,,,,,,,,,,,,,,,,,,,,,,,,,,,,,,,
103057,人文社会科学学院,中国现代思想史专题,1班,2.0,32,张勇,创新港校区-5-2099,5,5-8,1-8,,,,,,,,,,,,,,,,,,,,,,,,,,,,,,,,,,,,,,,,,,,,,,,,
103066,人文社会科学学院,研究生论文写作指导（人文-硕哲学）,1班,1.0,16,马文保,创新港校区-5-4043,4,5-8,5-8,,,,,,,,,,,,,,,,,,,,,,,,,,,,,,,,,,,,,,,,,,,,,,,,
103079,人文社会科学学院,陶瓷艺术与设计研究（实践）,1班,4.0,64,张菊芳,创新港校区-5-2018,6,1-8,13-15,,,,,,,,,,,,,,,,,,,,,,,,,,,,,,,,,,,,,,,,,,,,,,,,
103081,人文社会科学学院,逻辑与语言哲学专题,1班,2.0,32,张志伟,创新港校区-5-4043,4,5-8,9-16,,,,,,,,,,,,,,,,,,,,,,,,,,,,,,,,,,,,,,,,,,,,,,,,
103083,人文社会科学学院,中国书法技法研究1,1班,2.0,32,王劲,创新港校区-2-6002,4,5-8,1-8,,,,,,,,,,,,,,,,,,,,,,,,,,,,,,,,,,,,,,,,,,,,,,,,
103087,人文社会科学学院,社会性发展,1班,2.0,32,李占星,创新港校区-5-2012,2,1-4,1-8,,,,,,,,,,,,,,,,,,,,,,,,,,,,,,,,,,,,,,,,,,,,,,,,
103096,人文社会科学学院,品牌数字化设计研究 （校企）,1班,2.0,32,鲁鹏,创新港校区-5-2035,3,1-4,1-8,,,,,,,,,,,,,,,,,,,,,,,,,,,,,,,,,,,,,,,,,,,,,,,,
103097,人文社会科学学院,政治哲学,1班,2.0,32,邱根江,创新港校区-5-4043,5,1-8,9-12,,,,,,,,,,,,,,,,,,,,,,,,,,,,,,,,,,,,,,,,,,,,,,,,
103099,人文社会科学学院,Basic Principles in Social Psychology,1班,2.0,32,党君华,创新港校区-5-5109,4,3-6,9-16,,,,,,,,,,,,,,,,,,,,,,,,,,,,,,,,,,,,,,,,,,,,,,,,
103102,人文社会科学学院,功能语言学前沿,1班,2.0,32,李榕,创新港校区-5-2012,2,1-4,9-16,,,,,,,,,,,,,,,,,,,,,,,,,,,,,,,,,,,,,,,,,,,,,,,,
103107,人文社会科学学院,中华民族共同体概论,1班,2.0,32,王伟,创新港校区-5-2035,3,5-8,1-8,,,,,,,,,,,,,,,,,,,,,,,,,,,,,,,,,,,,,,,,,,,,,,,,
103108,人文社会科学学院,中华民族交往交流交融史纲,1班,2.0,32,孙飞鹏,创新港校区-5-4045,6,3-4,9-16,创新港校区-5-4045,6,7-8,9-16,,,,,,,,,,,,,,,,,,,,,,,,,,,,,,,,,,,,,,,,,,,,
103109,人文社会科学学院,马克思主义民族理论与政策概论,1班,2.0,32,张媛,创新港校区-5-2062,5,1-4,1-8,,,,,,,,,,,,,,,,,,,,,,,,,,,,,,,,,,,,,,,,,,,,,,,,
112003,软件学院,数据库系统原理与应用,1班,2.0,32,刘帅,创新港校区-5-2W201,5,1-2,1-8,创新港校区-5-2W201,5,5-6,1-8,,,,,,,,,,,,,,,,,,,,,,,,,,,,,,,,,,,,,,,,,,,,
112005,软件学院,软件体系结构理论与应用,1班,2.0,32,吴晓军,创新港校区-5-1E103,5,3-4,9-16,创新港校区-5-1E103,5,7-8,9-16,,,,,,,,,,,,,,,,,,,,,,,,,,,,,,,,,,,,,,,,,,,,
112010,软件学院,软件能力成熟度模型,1班,2.0,40,宋永红,创新港校区-4-5220,2,1-2,1-8,创新港校区-4-5220,2,5-6,1-8,,,,,,,,,,,,,,,,,,,,,,,,,,,,,,,,,,,,,,,,,,,,
112016,软件学院,数据挖掘,1班,2.0,40,徐亦飞,创新港校区-5-1007,1,1-2,9-16,创新港校区-5-1007,1,5-6,9-16,,,,,,,,,,,,,,,,,,,,,,,,,,,,,,,,,,,,,,,,,,,,
112044,软件学院,并行计算架构与模式,1班,2.0,40,朱利,创新港校区-5-1E103,2,3-4,1-8,创新港校区-5-1E103,2,7-8,1-8,,,,,,,,,,,,,,,,,,,,,,,,,,,,,,,,,,,,,,,,,,,,
112047,软件学院,大数据技术（校企）,1班,2.0,40,柯炜,创新港校区-5-1E103,4,1-2,9-16,创新港校区-5-1E103,4,5-6,9-16,,,,,,,,,,,,,,,,,,,,,,,,,,,,,,,,,,,,,,,,,,,,
112086,软件学院,分布式系统原理与应用,1班,2.0,32,田丽华,创新港校区-5-1E103,2,3-4,9-16,创新港校区-5-1E103,2,7-8,9-16,,,,,,,,,,,,,,,,,,,,,,,,,,,,,,,,,,,,,,,,,,,,
112096,软件学院,机器学习,1班,2.0,32,庞善民,创新港校区-5-2W201,3,3-4,9-16,创新港校区-5-2W201,3,7-8,9-16,,,,,,,,,,,,,,,,,,,,,,,,,,,,,,,,,,,,,,,,,,,,
112098,软件学院,深度学习及应用（校企）（实践）,1班,2.0,40,田智强,创新港校区-5-2W201,4,3-4,9-16,创新港校区-5-2W201,4,7-8,9-16,,,,,,,,,,,,,,,,,,,,,,,,,,,,,,,,,,,,,,,,,,,,
113002,软件学院,人工智能原理与技术（校企）,1班,2.0,32,李垚辰,创新港校区-5-1W103,1,3-4,9-16,创新港校区-5-1W103,1,7-8,9-16,,,,,,,,,,,,,,,,,,,,,,,,,,,,,,,,,,,,,,,,,,,,
113007,软件学院,数据库前沿技术（校企）,1班,2.0,32,白秀秀,创新港校区-5-1E103,5,3-4,1-8,创新港校区-5-1E103,5,7-8,1-8,,,,,,,,,,,,,,,,,,,,,,,,,,,,,,,,,,,,,,,,,,,,
113013,软件学院,智能制造工业软件关键技术与应用（校企）,1班,2.0,32,郑帅,创新港校区-5-1E103,2,1-2,9-16,创新港校区-5-1E103,2,5-6,9-16,,,,,,,,,,,,,,,,,,,,,,,,,,,,,,,,,,,,,,,,,,,,
113014,软件学院,流程工业控制系统及其软件架构（校企）,1班,2.0,32,郭宇,创新港校区-5-1005,3,1-2,9-16,创新港校区-5-1005,3,9-10,9-16,,,,,,,,,,,,,,,,,,,,,,,,,,,,,,,,,,,,,,,,,,,,
113018,软件学院,软件工程技术与应用,1班,2.0,32,晋武侠,创新港校区-4-2222,4,1-2,1-8,创新港校区-4-2222,4,5-6,1-8,,,,,,,,,,,,,,,,,,,,,,,,,,,,,,,,,,,,,,,,,,,,
113019,软件学院,智能图像处理技术（AI进阶）,1班,2.0,32,祝继华,创新港校区-5-2025,6,3-6,1-8,,,,,,,,,,,,,,,,,,,,,,,,,,,,,,,,,,,,,,,,,,,,,,,,
113021,软件学院,软件设计模式,1班,2.0,32,郑帅,创新港校区-4-5208,5,1-2,9-16,创新港校区-4-5208,5,5-6,9-16,,,,,,,,,,,,,,,,,,,,,,,,,,,,,,,,,,,,,,,,,,,,
122004,外国语学院,跨文化交际研究,1班,2.0,32,田美,创新港校区-5-2064,2,3-6,1-8,,,,,,,,,,,,,,,,,,,,,,,,,,,,,,,,,,,,,,,,,,,,,,,,
122006,外国语学院,第二外语（日语）,1班,2.0,32,张文丽,创新港校区-5-2056,3,5-6,1-8,创新港校区-5-2056,5,5-6,1-8,,,,,,,,,,,,,,,,,,,,,,,,,,,,,,,,,,,,,,,,,,,,
122007,外国语学院,第二外语（德语）,1班,2.0,32,赵欣,创新港校区-5-2022,2,5-6,1-8,创新港校区-5-2022,5,3-4,1-8,,,,,,,,,,,,,,,,,,,,,,,,,,,,,,,,,,,,,,,,,,,,
122008,外国语学院,第二外语（法语）,1班,2.0,32,郭琳,创新港校区-5-2044,1,7-8,1-8,创新港校区-5-2044,5,3-4,1-8,,,,,,,,,,,,,,,,,,,,,,,,,,,,,,,,,,,,,,,,,,,,
122009,外国语学院,第二外语（英）,1班,2.0,32,卢燕华,创新港校区-5-2087,3,5-6,1-16,,,,,,,,,,,,,,,,,,,,,,,,,,,,,,,,,,,,,,,,,,,,,,,,
122010,外国语学院,第二外语（俄语）,1班,2.0,32,叶琳,创新港校区-5-2070,3,1-2,1-8,创新港校区-5-2070,5,1-2,1-8,,,,,,,,,,,,,,,,,,,,,,,,,,,,,,,,,,,,,,,,,,,,
122013,外国语学院,德语二外,1班,2.0,32,赵欣,创新港校区-5-2022,2,3-4,1-8,创新港校区-5-2022,4,3-4,1-8,,,,,,,,,,,,,,,,,,,,,,,,,,,,,,,,,,,,,,,,,,,,
122014,外国语学院,法语二外,1班,2.0,32,郭琳,创新港校区-5-2044,1,5-6,1-8,创新港校区-5-2044,5,5-6,1-8,,,,,,,,,,,,,,,,,,,,,,,,,,,,,,,,,,,,,,,,,,,,
122015,外国语学院,日语二外,1班,2.0,32,曹红荃,创新港校区-5-2062,1,7-8,1-8,创新港校区-5-2062,4,3-4,1-8,,,,,,,,,,,,,,,,,,,,,,,,,,,,,,,,,,,,,,,,,,,,
122032,外国语学院,社会语言学,1班,2.0,32,郭继荣,创新港校区-5-2042,1,3-4,1-8,创新港校区-5-2042,3,5-6,1-8,,,,,,,,,,,,,,,,,,,,,,,,,,,,,,,,,,,,,,,,,,,,
122036,外国语学院,学术英语写作,1班,2.0,32,杨瑞英,创新港校区-5-2056,1,1-2,1-8,创新港校区-5-2056,5,1-2,1-8,,,,,,,,,,,,,,,,,,,,,,,,,,,,,,,,,,,,,,,,,,,,
122042,外国语学院,教学法理论与实践,1班,2.0,32,岳真,创新港校区-5-2018,5,7-8,1-16,,,,,,,,,,,,,,,,,,,,,,,,,,,,,,,,,,,,,,,,,,,,,,,,
122047,外国语学院,英国小说选萃,1班,2.0,32,曹兴潭,创新港校区-5-2020,5,7-8,1-16,,,,,,,,,,,,,,,,,,,,,,,,,,,,,,,,,,,,,,,,,,,,,,,,
122050,外国语学院,文化人类学,1班,2.0,32,郭继荣,创新港校区-5-2042,1,3-4,9-16,创新港校区-5-2042,3,1-2,9-16,,,,,,,,,,,,,,,,,,,,,,,,,,,,,,,,,,,,,,,,,,,,
122073,外国语学院,日本近现代文学,1班,2.0,32,霍士富,创新港校区-5-2070,1,5-6,9-16,创新港校区-5-2070,3,5-6,9-16,,,,,,,,,,,,,,,,,,,,,,,,,,,,,,,,,,,,,,,,,,,,
122074,外国语学院,日本文化研究,1班,2.0,32,张长安,创新港校区-5-2056,2,3-4,1-8,创新港校区-5-2056,4,3-4,1-8,,,,,,,,,,,,,,,,,,,,,,,,,,,,,,,,,,,,,,,,,,,,
122078,外国语学院,理论语言学,1班,2.0,32,庞加光,创新港校区-5-2058,4,1-2,1-16,,,,,,,,,,,,,,,,,,,,,,,,,,,,,,,,,,,,,,,,,,,,,,,,
122079,外国语学院,语料库语言学,1班,2.0,32,邵娟,创新港校区-5-2046,1,5-6,1-16,,,,,,,,,,,,,,,,,,,,,,,,,,,,,,,,,,,,,,,,,,,,,,,,
122086,外国语学院,翻译概论,1班,2.0,32,陈向京,创新港校区-5-2068,5,1-2,1-16,,,,,,,,,,,,,,,,,,,,,,,,,,,,,,,,,,,,,,,,,,,,,,,,
122086,外国语学院,翻译概论,2班,2.0,32,陈向京,创新港校区-5-2068,5,3-4,1-16,,,,,,,,,,,,,,,,,,,,,,,,,,,,,,,,,,,,,,,,,,,,,,,,
122087,外国语学院,英语基础口译,1班,2.0,32,李雅丽,创新港校区-5-5135,2,1-2,1-8,创新港校区-5-5135,5,5-6,1-8,,,,,,,,,,,,,,,,,,,,,,,,,,,,,,,,,,,,,,,,,,,,
122087,外国语学院,英语基础口译,2班,2.0,32,李雅丽,创新港校区-5-5135,2,3-4,1-8,创新港校区-5-5135,5,7-8,1-8,,,,,,,,,,,,,,,,,,,,,,,,,,,,,,,,,,,,,,,,,,,,
122088,外国语学院,英语基础笔译,1班,2.0,32,李莹,创新港校区-5-5109,3,1-2,1-16,,,,,,,,,,,,,,,,,,,,,,,,,,,,,,,,,,,,,,,,,,,,,,,,
122088,外国语学院,英语基础笔译,2班,2.0,32,李莹,创新港校区-5-5109,3,3-4,1-16,,,,,,,,,,,,,,,,,,,,,,,,,,,,,,,,,,,,,,,,,,,,,,,,
122089,外国语学院,医学英语词汇学,1班,2.0,32,李莹,创新港校区-5-2027,1,1-2,1-16,,,,,,,,,,,,,,,,,,,,,,,,,,,,,,,,,,,,,,,,,,,,,,,,
122110,外国语学院,科技翻译（校企）,1班,2.0,32,许明,创新港校区-5-2060,4,5-6,1-8,创新港校区-5-2060,5,1-2,1-8,,,,,,,,,,,,,,,,,,,,,,,,,,,,,,,,,,,,,,,,,,,,
122112,外国语学院,语言哲学,1班,2.0,32,郭继荣,创新港校区-5-2042,3,7-8,1-16,,,,,,,,,,,,,,,,,,,,,,,,,,,,,,,,,,,,,,,,,,,,,,,,
122125,外国语学院,日语基础口译,1班,2.0,32,时渝轩,创新港校区-5-5135,2,5-6,1-16,,,,,,,,,,,,,,,,,,,,,,,,,,,,,,,,,,,,,,,,,,,,,,,,
122126,外国语学院,日语基础笔译,1班,2.0,32,张伟莉,创新港校区-5-2041,2,3-4,1-16,,,,,,,,,,,,,,,,,,,,,,,,,,,,,,,,,,,,,,,,,,,,,,,,
122138,外国语学院,第二外语（西班牙语）,1班,2.0,32,田沛,创新港校区-5-2020,1,7-8,1-8,创新港校区-5-2020,3,1-2,1-8,,,,,,,,,,,,,,,,,,,,,,,,,,,,,,,,,,,,,,,,,,,,
122145,外国语学院,翻译技术实践（校企）,1班,1.0,16,曹扬波,创新港校区-5-5135,1,1-2,1-8,,,,,,,,,,,,,,,,,,,,,,,,,,,,,,,,,,,,,,,,,,,,,,,,
122145,外国语学院,翻译技术实践（校企）,2班,1.0,16,曹扬波,创新港校区-5-5135,1,3-4,1-8,,,,,,,,,,,,,,,,,,,,,,,,,,,,,,,,,,,,,,,,,,,,,,,,
122152,外国语学院,译员职业素养导论,1班,1.0,16,吉乐,创新港校区-5-2048,4,7-8,1-8,,,,,,,,,,,,,,,,,,,,,,,,,,,,,,,,,,,,,,,,,,,,,,,,
122152,外国语学院,译员职业素养导论,2班,1.0,16,吉乐,创新港校区-5-2048,4,5-6,1-8,,,,,,,,,,,,,,,,,,,,,,,,,,,,,,,,,,,,,,,,,,,,,,,,
122156,外国语学院,交替传译（校企）,1班,2.0,32,王非,创新港校区-5-2060,5,5-6,1-16,,,,,,,,,,,,,,,,,,,,,,,,,,,,,,,,,,,,,,,,,,,,,,,,
122159,外国语学院,英语演讲与写作,1班,2.0,32,吉乐,创新港校区-5-2044,3,3-4,1-16,,,,,,,,,,,,,,,,,,,,,,,,,,,,,,,,,,,,,,,,,,,,,,,,
122161,外国语学院,日语交替传译,1班,2.0,32,曹红荃,创新港校区-5-2020,1,7-8,9-16,创新港校区-5-2020,5,3-4,9-16,,,,,,,,,,,,,,,,,,,,,,,,,,,,,,,,,,,,,,,,,,,,
122163,外国语学院,日语科技翻译,1班,2.0,32,孙莉,创新港校区-5-2035,5,5-6,1-16,,,,,,,,,,,,,,,,,,,,,,,,,,,,,,,,,,,,,,,,,,,,,,,,
123001,外国语学院,日语语言学,1班,2.0,32,曹红荃,创新港校区-5-2062,1,5-6,1-8,创新港校区-5-2062,4,1-2,1-8,,,,,,,,,,,,,,,,,,,,,,,,,,,,,,,,,,,,,,,,,,,,
123008,外国语学院,国际政治与经济,1班,2.0,32,王华,创新港校区-5-2085,2,5-6,9-16,创新港校区-5-2085,3,3-4,9-16,,,,,,,,,,,,,,,,,,,,,,,,,,,,,,,,,,,,,,,,,,,,
123012,外国语学院,文化批评：理论与实践,1班,2.0,32,史鹏路,创新港校区-5-2020,2,1-2,1-8,创新港校区-5-2020,3,9-10,1-8,,,,,,,,,,,,,,,,,,,,,,,,,,,,,,,,,,,,,,,,,,,,
123018,外国语学院,国际问题研究理论与方法,1班,2.0,32,金新,创新港校区-5-2099,6,3-6,1-8,,,,,,,,,,,,,,,,,,,,,,,,,,,,,,,,,,,,,,,,,,,,,,,,
123022,外国语学院,世界史,1班,2.0,32,范文娟,创新港校区-5-2085,1,7-8,1-16,,,,,,,,,,,,,,,,,,,,,,,,,,,,,,,,,,,,,,,,,,,,,,,,
123032,外国语学院,认知语言学,1班,2.0,32,庞加光,创新港校区-5-2058,2,5-6,1-8,创新港校区-5-2058,4,3-4,1-8,,,,,,,,,,,,,,,,,,,,,,,,,,,,,,,,,,,,,,,,,,,,
123051,外国语学院,AI技术与翻译实践,1班,1.0,16,薛杰,创新港校区-5-5135,3,3-4,9-16,,,,,,,,,,,,,,,,,,,,,,,,,,,,,,,,,,,,,,,,,,,,,,,,
123051,外国语学院,AI技术与翻译实践,2班,1.0,16,薛杰,创新港校区-5-5135,3,5-6,9-16,,,,,,,,,,,,,,,,,,,,,,,,,,,,,,,,,,,,,,,,,,,,,,,,
123051,外国语学院,AI技术与翻译实践,3班,1.0,16,薛杰,创新港校区-5-5135,3,7-8,9-16,,,,,,,,,,,,,,,,,,,,,,,,,,,,,,,,,,,,,,,,,,,,,,,,
123052,外国语学院,语言学基础,1班,1.0,16,薛杰,创新港校区-5-2085,3,9-10,1-8,,,,,,,,,,,,,,,,,,,,,,,,,,,,,,,,,,,,,,,,,,,,,,,,
123053,外国语学院,中国语言与文化,1班,1.0,16,吉乐,创新港校区-5-2048,3,5-6,1-8,,,,,,,,,,,,,,,,,,,,,,,,,,,,,,,,,,,,,,,,,,,,,,,,
123053,外国语学院,中国语言与文化,2班,1.0,16,吉乐,创新港校区-5-2048,3,7-8,1-8,,,,,,,,,,,,,,,,,,,,,,,,,,,,,,,,,,,,,,,,,,,,,,,,
123057,外国语学院,理解当代中国：英语口笔译实践,1班,2.0,32,王萍,创新港校区-5-5135,5,3-4,1-16,,,,,,,,,,,,,,,,,,,,,,,,,,,,,,,,,,,,,,,,,,,,,,,,
123059,外国语学院,外语教育学理论与实践,1班,2.0,32,高洋,创新港校区-5-2031,4,5-6,1-16,,,,,,,,,,,,,,,,,,,,,,,,,,,,,,,,,,,,,,,,,,,,,,,,
123060,外国语学院,外国语言文学研究方法,1班,3.0,48,高洋,创新港校区-5-2031,4,2-4,1-16,,,,,,,,,,,,,,,,,,,,,,,,,,,,,,,,,,,,,,,,,,,,,,,,
123066,外国语学院,西方文学理论,1班,2.0,32,臧小佳,创新港校区-5-2099,1,3-4,1-16,,,,,,,,,,,,,,,,,,,,,,,,,,,,,,,,,,,,,,,,,,,,,,,,
123068,外国语学院,理解当代中国：日语演讲与写作,1班,2.0,32,张伟莉,创新港校区-5-2041,2,1-2,1-8,创新港校区-5-2041,5,1-2,9-16,,,,,,,,,,,,,,,,,,,,,,,,,,,,,,,,,,,,,,,,,,,,
123072,外国语学院,国际中文教育概论,1班,2.0,32,李馨郁,创新港校区-5-2085,4,5-6,1-16,,,,,,,,,,,,,,,,,,,,,,,,,,,,,,,,,,,,,,,,,,,,,,,,
123073,外国语学院,第二语言习得,1班,2.0,32,卢燕华,创新港校区-5-2087,3,7-8,1-16,,,,,,,,,,,,,,,,,,,,,,,,,,,,,,,,,,,,,,,,,,,,,,,,
123076,外国语学院,跨文化交际导论,1班,1.0,16,李蓓岚,创新港校区-5-2046,5,1-2,1-8,,,,,,,,,,,,,,,,,,,,,,,,,,,,,,,,,,,,,,,,,,,,,,,,
123077,外国语学院,汉语语言学,1班,2.0,32,庞加光,创新港校区-5-2058,2,7-8,1-16,,,,,,,,,,,,,,,,,,,,,,,,,,,,,,,,,,,,,,,,,,,,,,,,
123085,外国语学院,中外文化交流史,1班,1.0,16,许明,创新港校区-5-2060,5,3-4,1-8,,,,,,,,,,,,,,,,,,,,,,,,,,,,,,,,,,,,,,,,,,,,,,,,
123086,外国语学院,陕西文化概况,1班,1.0,16,李蓓岚,创新港校区-5-2046,5,3-4,9-16,,,,,,,,,,,,,,,,,,,,,,,,,,,,,,,,,,,,,,,,,,,,,,,,
131001,生命科学与技术学院,生命分析技术,1班,3.0,48,赵永席,创新港校区-5-6045,3,3-4,9-16,创新港校区-5-6045,3,7-10,9-16,,,,,,,,,,,,,,,,,,,,,,,,,,,,,,,,,,,,,,,,,,,,
132002,生命科学与技术学院,生物医学超声（校企）,1班,2.0,40,万明习,创新港校区-18-2071,3,3-4,9-18,创新港校区-18-2071,3,7-8,9-18,,,,,,,,,,,,,,,,,,,,,,,,,,,,,,,,,,,,,,,,,,,,
132007,生命科学与技术学院,康复工程导论,1班,2.0,32,刘天,创新港校区-18-2071,5,3-4,1-8,创新港校区-18-2071,5,7-8,1-8,,,,,,,,,,,,,,,,,,,,,,,,,,,,,,,,,,,,,,,,,,,,
132014,生命科学与技术学院,软组织生物力学,1班,2.0,40,徐峰,创新港校区-18-2071,1,3-4,9-17,创新港校区-18-2071,1,7-8,9-17,创新港校区-18-2071,2,3-4,17-17,创新港校区-18-2071,2,7-8,17-17,,,,,,,,,,,,,,,,,,,,,,,,,,,,,,,,,,,,
132021,生命科学与技术学院,感觉与运动控制的神经基础 （1）,1班,2.0,32,李延海,创新港校区-18-2065,2,3-4,9-16,创新港校区-18-2065,2,7-8,9-16,,,,,,,,,,,,,,,,,,,,,,,,,,,,,,,,,,,,,,,,,,,,
132023,生命科学与技术学院,生物医学物理学,1班,2.0,32,张思远,创新港校区-18-2065,5,3-4,1-8,创新港校区-18-2065,5,7-8,1-8,,,,,,,,,,,,,,,,,,,,,,,,,,,,,,,,,,,,,,,,,,,,
132024,生命科学与技术学院,高级生物医学电子学,1班,2.0,32,张思远,创新港校区-5-6045,4,3-4,1-8,创新港校区-5-6045,4,7-8,1-8,,,,,,,,,,,,,,,,,,,,,,,,,,,,,,,,,,,,,,,,,,,,
132025,生命科学与技术学院,生物系统建模与仿真（AI进阶）,1班,2.0,32,吴亮,创新港校区-18-2065,5,3-4,9-16,创新港校区-18-2065,5,7-8,9-16,,,,,,,,,,,,,,,,,,,,,,,,,,,,,,,,,,,,,,,,,,,,
132028,生命科学与技术学院,生物材料与组织工程,1班,2.0,32,马玉菲,创新港校区-18-2065,5,1-2,9-16,创新港校区-18-2065,5,5-6,9-16,,,,,,,,,,,,,,,,,,,,,,,,,,,,,,,,,,,,,,,,,,,,
132030,生命科学与技术学院,生物医学传感器前沿及进展,1班,2.0,32,姚翠萍,创新港校区-18-2067,1,3-4,9-16,创新港校区-18-2067,1,7-8,9-16,,,,,,,,,,,,,,,,,,,,,,,,,,,,,,,,,,,,,,,,,,,,
132037,生命科学与技术学院,人工神经网络及应用（AI进阶）,1班,2.0,32,徐进,创新港校区-5-5045,5,3-4,1-8,创新港校区-5-5045,5,7-8,1-8,,,,,,,,,,,,,,,,,,,,,,,,,,,,,,,,,,,,,,,,,,,,
132039,生命科学与技术学院,光学成像（校企）,1班,2.0,32,姚翠萍,创新港校区-18-2065,1,1-2,1-8,创新港校区-18-2065,1,5-6,1-8,,,,,,,,,,,,,,,,,,,,,,,,,,,,,,,,,,,,,,,,,,,,
132042,生命科学与技术学院,医学图像信息分析（AI进阶）,1班,2.0,40,张红梅,创新港校区-18-2065,4,3-4,9-17,创新港校区-18-2065,4,7-8,9-17,创新港校区-18-2065,4,9-10,15-16,,,,,,,,,,,,,,,,,,,,,,,,,,,,,,,,,,,,,,,,
132045,生命科学与技术学院,细胞物理生物学,1班,2.0,32,张建保,创新港校区-18-2069,5,3-4,9-16,创新港校区-18-2069,5,7-8,9-16,,,,,,,,,,,,,,,,,,,,,,,,,,,,,,,,,,,,,,,,,,,,
132048,生命科学与技术学院,Advanced Biochemistry,1班,2.0,32,吴静,创新港校区-5-7045,1,1-2,1-8,创新港校区-5-7045,1,5-6,1-8,,,,,,,,,,,,,,,,,,,,,,,,,,,,,,,,,,,,,,,,,,,,
132061,生命科学与技术学院,基因信息与分子人类学,1班,2.0,32,张虎勤,创新港校区-18-2065,2,1-2,9-16,创新港校区-18-2065,2,5-6,9-16,,,,,,,,,,,,,,,,,,,,,,,,,,,,,,,,,,,,,,,,,,,,
132065,生命科学与技术学院,纳米生物技术（混合）,1班,2.0,32,李剑君,创新港校区-18-2065,2,2-4,1-8,,,,,,,,,,,,,,,,,,,,,,,,,,,,,,,,,,,,,,,,,,,,,,,,
132067,生命科学与技术学院,Advanced Molecular Cell Biology,1班,2.0,32,许丹,创新港校区-18-2071,4,3-4,1-8,创新港校区-18-2071,4,7-8,1-8,,,,,,,,,,,,,,,,,,,,,,,,,,,,,,,,,,,,,,,,,,,,
132070,生命科学与技术学院,生物医学工程综合实验,1班,2.0,32,黄子罡,创新港校区-19-2092,2,5-8,1-8,,,,,,,,,,,,,,,,,,,,,,,,,,,,,,,,,,,,,,,,,,,,,,,,
132073,生命科学与技术学院,分子生物学前沿,1班,2.0,32,徐华栋,创新港校区-5-6045,2,1-2,1-8,创新港校区-5-6045,2,5-6,1-8,,,,,,,,,,,,,,,,,,,,,,,,,,,,,,,,,,,,,,,,,,,,
132074,生命科学与技术学院,神经科学与神经工程,1班,2.0,32,黄子罡,创新港校区-18-2065,5,1-2,1-8,创新港校区-18-2065,5,5-6,1-8,,,,,,,,,,,,,,,,,,,,,,,,,,,,,,,,,,,,,,,,,,,,
132084,生命科学与技术学院,MATLAB数值方法在生物医学工程中的应用,1班,2.0,32,李津,创新港校区-5-2027,2,1-2,1-8,创新港校区-5-2027,2,5-6,1-8,,,,,,,,,,,,,,,,,,,,,,,,,,,,,,,,,,,,,,,,,,,,
132091,生命科学与技术学院,超低功耗生物医学信号处理,1班,2.0,32,陈翔,创新港校区-18-2071,5,1-2,9-16,创新港校区-18-2071,5,5-6,9-16,,,,,,,,,,,,,,,,,,,,,,,,,,,,,,,,,,,,,,,,,,,,
132093,生命科学与技术学院,电化学与生物传感,1班,2.0,32,李菲,创新港校区-18-2065,1,1-2,9-16,创新港校区-18-2065,1,5-6,9-16,,,,,,,,,,,,,,,,,,,,,,,,,,,,,,,,,,,,,,,,,,,,
132094,生命科学与技术学院,生物医学传感技术,1班,2.0,32,魏晶,创新港校区-5-5045,2,1-2,9-16,创新港校区-5-5045,2,5-6,9-16,,,,,,,,,,,,,,,,,,,,,,,,,,,,,,,,,,,,,,,,,,,,
133002,生命科学与技术学院,营养学,1班,2.0,32,张雅利,创新港校区-18-2067,2,3-4,9-16,创新港校区-18-2067,2,7-8,9-16,,,,,,,,,,,,,,,,,,,,,,,,,,,,,,,,,,,,,,,,,,,,
133003,生命科学与技术学院,生物医药工程与实践（校企）,1班,2.0,32,李泽东,创新港校区-18-2067,5,1-4,9-16,,,,,,,,,,,,,,,,,,,,,,,,,,,,,,,,,,,,,,,,,,,,,,,,
133006,生命科学与技术学院,Mitochondrial Biology and Medicine,1班,2.0,32,龙建纲,创新港校区-18-2067,5,1-2,1-8,创新港校区-18-2067,5,5-6,1-8,,,,,,,,,,,,,,,,,,,,,,,,,,,,,,,,,,,,,,,,,,,,
133010,生命科学与技术学院,Biomedical Ultrasound,1班,2.0,32,钟徽,创新港校区-18-2071,2,3-4,9-16,创新港校区-18-2071,2,7-8,9-16,,,,,,,,,,,,,,,,,,,,,,,,,,,,,,,,,,,,,,,,,,,,
133020,生命科学与技术学院,医疗器械研发（校企）,1班,2.0,32,李剑君,创新港校区-5-6045,1,9-10,1-16,,,,,,,,,,,,,,,,,,,,,,,,,,,,,,,,,,,,,,,,,,,,,,,,
133022,生命科学与技术学院,医学人工智能（AI进阶）（混合）,1班,2.0,32,许夏瑜,创新港校区-5-2001,1,3-6,1-8,,,,,,,,,,,,,,,,,,,,,,,,,,,,,,,,,,,,,,,,,,,,,,,,
133023,生命科学与技术学院,研究生论文写作指导（生命）（AI进阶）,1班,1.0,16,彭韵桦,创新港校区-5-1W105,3,1-2,1-8,,,,,,,,,,,,,,,,,,,,,,,,,,,,,,,,,,,,,,,,,,,,,,,,
133024,生命科学与技术学院,微流控芯片技术（校企）,1班,2.0,32,杨清振,创新港校区-5-7045,2,3-4,1-8,创新港校区-5-7045,2,7-8,1-8,,,,,,,,,,,,,,,,,,,,,,,,,,,,,,,,,,,,,,,,,,,,
133026,生命科学与技术学院,生物热力学与热生物学,1班,2.0,32,冯上升,创新港校区-18-2067,4,3-4,9-16,创新港校区-18-2067,4,7-8,9-16,,,,,,,,,,,,,,,,,,,,,,,,,,,,,,,,,,,,,,,,,,,,
133028,生命科学与技术学院,体外诊断技术与设备（校企）,1班,2.0,32,游民黎,创新港校区-18-2071,5,1-2,1-8,创新港校区-18-2071,5,5-6,1-8,,,,,,,,,,,,,,,,,,,,,,,,,,,,,,,,,,,,,,,,,,,,
133030,生命科学与技术学院,智能可穿戴健康监测（校企）（实践）（AI进阶）,1班,2.0,32,韩斐,创新港校区-5-7043,4,3-4,9-16,创新港校区-5-7043,4,7-8,9-16,,,,,,,,,,,,,,,,,,,,,,,,,,,,,,,,,,,,,,,,,,,,
133042,生命科学与技术学院,如何做科研：AI for Science（AI进阶）,1班,2.0,32,徐峰,创新港校区-5-7043,4,1-2,9-16,创新港校区-5-7043,4,5-6,9-16,,,,,,,,,,,,,,,,,,,,,,,,,,,,,,,,,,,,,,,,,,,,
133045,生命科学与技术学院,生理监护新器件与系统,1班,2.0,32,方云生,创新港校区-18-2067,4,3-4,1-8,创新港校区-18-2067,4,7-8,1-8,,,,,,,,,,,,,,,,,,,,,,,,,,,,,,,,,,,,,,,,,,,,
133046,生命科学与技术学院,Biology of aging and neurodegeneration,1班,2.0,32,Mami Noda,创新港校区-18-2071,1,9-10,6-7,创新港校区-18-2071,2,9-10,6-7,创新港校区-18-2071,3,9-10,6-7,创新港校区-18-2071,4,9-10,6-7,创新港校区-18-2071,5,9-10,6-7,创新港校区-18-2071,6,3-6,6-7,创新港校区-18-2071,7,3-6,6-6,,,,,,,,,,,,,,,,,,,,,,,,
141003,马克思主义学院,新时代中国特色社会主义理论与实践,重修班,2.0,32,金新,创新港校区-5-1005,1,3-4,9-16,创新港校区-5-1005,3,3-4,9-16,,,,,,,,,,,,,,,,,,,,,,,,,,,,,,,,,,,,,,,,,,,,
141004,马克思主义学院,马克思主义与社会科学方法论,1班,1.0,16,郑冬芳,兴庆校区-主楼D-104,1,5-6,9-16,,,,,,,,,,,,,,,,,,,,,,,,,,,,,,,,,,,,,,,,,,,,,,,,
141004,马克思主义学院,马克思主义与社会科学方法论,2班,1.0,16,郑冬芳,兴庆校区-主楼D-104,1,7-8,9-16,,,,,,,,,,,,,,,,,,,,,,,,,,,,,,,,,,,,,,,,,,,,,,,,
141004,马克思主义学院,马克思主义与社会科学方法论,3班,1.0,16,郑冬芳,创新港校区-5-5107,1,5-6,9-16,,,,,,,,,,,,,,,,,,,,,,,,,,,,,,,,,,,,,,,,,,,,,,,,
141004,马克思主义学院,马克思主义与社会科学方法论,4班,1.0,16,郑冬芳,创新港校区-5-6106,1,5-6,9-16,,,,,,,,,,,,,,,,,,,,,,,,,,,,,,,,,,,,,,,,,,,,,,,,
141004,马克思主义学院,马克思主义与社会科学方法论,5班,1.0,16,郑冬芳,创新港校区-5-5107,1,7-8,9-16,,,,,,,,,,,,,,,,,,,,,,,,,,,,,,,,,,,,,,,,,,,,,,,,
141004,马克思主义学院,马克思主义与社会科学方法论,6班,1.0,16,郑冬芳,创新港校区-5-6106,1,7-8,9-16,,,,,,,,,,,,,,,,,,,,,,,,,,,,,,,,,,,,,,,,,,,,,,,,
141004,马克思主义学院,马克思主义与社会科学方法论,7班,1.0,16,郑冬芳,创新港校区-5-6043,3,5-6,9-16,,,,,,,,,,,,,,,,,,,,,,,,,,,,,,,,,,,,,,,,,,,,,,,,
141004,马克思主义学院,马克思主义与社会科学方法论,8班,1.0,16,郑冬芳,创新港校区-5-6106,3,5-6,9-16,,,,,,,,,,,,,,,,,,,,,,,,,,,,,,,,,,,,,,,,,,,,,,,,
141004,马克思主义学院,马克思主义与社会科学方法论,9班,1.0,16,郑冬芳,创新港校区-5-6043,3,7-8,9-16,,,,,,,,,,,,,,,,,,,,,,,,,,,,,,,,,,,,,,,,,,,,,,,,
141005,马克思主义学院,自然辩证法概论,重修班,1.0,16,王亮,创新港校区-5-6106,1,7-8,1-8,,,,,,,,,,,,,,,,,,,,,,,,,,,,,,,,,,,,,,,,,,,,,,,,
141009,马克思主义学院,西方哲学史专题研究,1班,1.0,16,寇爱林,兴庆校区-主楼B-305,1,3-4,1-8,,,,,,,,,,,,,,,,,,,,,,,,,,,,,,,,,,,,,,,,,,,,,,,,
141012,马克思主义学院,中国式现代化的理论与实践,1班,2.0,32,田建军,创新港校区-4-2220,1,5-6,1-8,创新港校区-4-2220,3,5-6,1-8,,,,,,,,,,,,,,,,,,,,,,,,,,,,,,,,,,,,,,,,,,,,
141012,马克思主义学院,中国式现代化的理论与实践,2班,2.0,32,谷永鑫,创新港校区-20-3104,1,5-6,1-8,创新港校区-20-3104,3,5-6,1-8,,,,,,,,,,,,,,,,,,,,,,,,,,,,,,,,,,,,,,,,,,,,
141012,马克思主义学院,中国式现代化的理论与实践,3班,2.0,32,王欢,创新港校区-20-4104,1,5-6,1-8,创新港校区-20-4104,3,5-6,1-8,,,,,,,,,,,,,,,,,,,,,,,,,,,,,,,,,,,,,,,,,,,,
141012,马克思主义学院,中国式现代化的理论与实践,4班,2.0,32,邱雨,创新港校区-3-6001,1,5-6,1-8,创新港校区-5-4043,3,5-6,1-8,,,,,,,,,,,,,,,,,,,,,,,,,,,,,,,,,,,,,,,,,,,,
141012,马克思主义学院,中国式现代化的理论与实践,5班,2.0,32,赵军义,创新港校区-5-1E101,1,5-6,1-8,创新港校区-1-6066,3,5-6,1-8,,,,,,,,,,,,,,,,,,,,,,,,,,,,,,,,,,,,,,,,,,,,
141012,马克思主义学院,中国式现代化的理论与实践,6班,2.0,32,王永香,创新港校区-5-1W107,1,5-6,1-8,创新港校区-5-1W107,3,5-6,1-8,,,,,,,,,,,,,,,,,,,,,,,,,,,,,,,,,,,,,,,,,,,,
141012,马克思主义学院,中国式现代化的理论与实践,7班,2.0,32,冯峥,创新港校区-5-1W107,1,7-8,1-8,创新港校区-5-1W107,3,7-8,1-8,,,,,,,,,,,,,,,,,,,,,,,,,,,,,,,,,,,,,,,,,,,,
141012,马克思主义学院,中国式现代化的理论与实践,8班,2.0,32,陆卫明,创新港校区-1-4052,1,7-8,1-8,创新港校区-1-4052,3,7-8,1-8,,,,,,,,,,,,,,,,,,,,,,,,,,,,,,,,,,,,,,,,,,,,
141012,马克思主义学院,中国式现代化的理论与实践,9班,2.0,32,刘静,创新港校区-20-3104,1,7-8,1-8,创新港校区-20-3104,3,7-8,1-8,,,,,,,,,,,,,,,,,,,,,,,,,,,,,,,,,,,,,,,,,,,,
141012,马克思主义学院,中国式现代化的理论与实践,10班,2.0,32,邱雨,创新港校区-3-6001,1,7-8,1-8,创新港校区-5-4043,3,7-8,1-8,,,,,,,,,,,,,,,,,,,,,,,,,,,,,,,,,,,,,,,,,,,,
141012,马克思主义学院,中国式现代化的理论与实践,11班,2.0,32,辛文,创新港校区-5-1E101,1,7-8,1-8,创新港校区-1-6066,3,7-8,1-8,,,,,,,,,,,,,,,,,,,,,,,,,,,,,,,,,,,,,,,,,,,,
141012,马克思主义学院,中国式现代化的理论与实践,12班,2.0,32,王欢,创新港校区-20-4104,1,7-8,1-8,创新港校区-20-4104,3,7-8,1-8,,,,,,,,,,,,,,,,,,,,,,,,,,,,,,,,,,,,,,,,,,,,
141012,马克思主义学院,中国式现代化的理论与实践,13班,2.0,32,马小虎,创新港校区-5-3107,1,5-6,9-16,创新港校区-5-3107,3,5-6,9-16,,,,,,,,,,,,,,,,,,,,,,,,,,,,,,,,,,,,,,,,,,,,
141012,马克思主义学院,中国式现代化的理论与实践,14班,2.0,32,马小虎,创新港校区-5-3107,1,7-8,9-16,创新港校区-5-3107,3,7-8,9-16,,,,,,,,,,,,,,,,,,,,,,,,,,,,,,,,,,,,,,,,,,,,
141012,马克思主义学院,中国式现代化的理论与实践,15班,2.0,32,邓皎昱,兴庆校区-中2-3221,1,5-6,1-8,兴庆校区-中2-3221,3,5-6,1-8,,,,,,,,,,,,,,,,,,,,,,,,,,,,,,,,,,,,,,,,,,,,
141012,马克思主义学院,中国式现代化的理论与实践,16班,2.0,32,邓皎昱,兴庆校区-中2-3221,1,7-8,1-8,兴庆校区-中2-3221,3,7-8,1-8,,,,,,,,,,,,,,,,,,,,,,,,,,,,,,,,,,,,,,,,,,,,
141012,马克思主义学院,中国式现代化的理论与实践,17班,2.0,32,郭小铭,兴庆校区-主楼C-106,1,5-6,9-16,兴庆校区-主楼C-106,3,5-6,9-16,,,,,,,,,,,,,,,,,,,,,,,,,,,,,,,,,,,,,,,,,,,,
141012,马克思主义学院,中国式现代化的理论与实践,18班,2.0,32,郭小铭,兴庆校区-主楼C-106,1,7-8,9-16,兴庆校区-主楼C-106,3,7-8,9-16,,,,,,,,,,,,,,,,,,,,,,,,,,,,,,,,,,,,,,,,,,,,
141012,马克思主义学院,中国式现代化的理论与实践,19班,2.0,32,李朝鹏,雁塔校区-解剖楼-解北,5,5-8,9-16,,,,,,,,,,,,,,,,,,,,,,,,,,,,,,,,,,,,,,,,,,,,,,,,
141012,马克思主义学院,中国式现代化的理论与实践,20班,2.0,32,冯晔,雁塔校区-病理楼-病北,5,5-8,9-16,,,,,,,,,,,,,,,,,,,,,,,,,,,,,,,,,,,,,,,,,,,,,,,,
141012,马克思主义学院,中国式现代化的理论与实践,21班,2.0,32,李秀珍,雁塔校区-二院教学楼-第一教室,5,5-8,9-16,,,,,,,,,,,,,,,,,,,,,,,,,,,,,,,,,,,,,,,,,,,,,,,,
141012,马克思主义学院,中国式现代化的理论与实践,22班,2.0,32,高如,雁塔校区-解剖楼-解南,5,5-8,9-16,,,,,,,,,,,,,,,,,,,,,,,,,,,,,,,,,,,,,,,,,,,,,,,,
141012,马克思主义学院,中国式现代化的理论与实践,23班,2.0,32,武星星,雁塔校区-生化楼-生化,5,5-8,9-16,,,,,,,,,,,,,,,,,,,,,,,,,,,,,,,,,,,,,,,,,,,,,,,,
141012,马克思主义学院,中国式现代化的理论与实践,24班,2.0,32,曹芳,创新港校区-5-1005,1,5-6,9-16,创新港校区-5-1005,3,5-6,9-16,,,,,,,,,,,,,,,,,,,,,,,,,,,,,,,,,,,,,,,,,,,,
141012,马克思主义学院,中国式现代化的理论与实践,25班,2.0,32,陆卫明,创新港校区-1-4052,1,5-6,1-8,创新港校区-1-4052,3,5-6,1-8,,,,,,,,,,,,,,,,,,,,,,,,,,,,,,,,,,,,,,,,,,,,
141013,马克思主义学院,马克思主义与当代科技,1班,1.0,16,樊晓燕,兴庆校区-主楼D-104,1,5-6,1-8,,,,,,,,,,,,,,,,,,,,,,,,,,,,,,,,,,,,,,,,,,,,,,,,
141013,马克思主义学院,马克思主义与当代科技,2班,1.0,16,樊晓燕,兴庆校区-主楼D-104,1,7-8,1-8,,,,,,,,,,,,,,,,,,,,,,,,,,,,,,,,,,,,,,,,,,,,,,,,
141013,马克思主义学院,马克思主义与当代科技,3班,1.0,16,梁军,兴庆校区-主楼D-105,3,5-6,1-8,,,,,,,,,,,,,,,,,,,,,,,,,,,,,,,,,,,,,,,,,,,,,,,,
141013,马克思主义学院,马克思主义与当代科技,4班,1.0,16,梁军,兴庆校区-主楼D-105,3,7-8,1-8,,,,,,,,,,,,,,,,,,,,,,,,,,,,,,,,,,,,,,,,,,,,,,,,
141013,马克思主义学院,马克思主义与当代科技,5班,1.0,16,刘婧鸣,创新港校区-5-1005,1,1-2,1-8,,,,,,,,,,,,,,,,,,,,,,,,,,,,,,,,,,,,,,,,,,,,,,,,
141013,马克思主义学院,马克思主义与当代科技,6班,1.0,16,李超阳,创新港校区-5-2025,1,1-2,1-8,,,,,,,,,,,,,,,,,,,,,,,,,,,,,,,,,,,,,,,,,,,,,,,,
141013,马克思主义学院,马克思主义与当代科技,7班,1.0,16,张科豪,创新港校区-5-3107,1,3-4,1-8,,,,,,,,,,,,,,,,,,,,,,,,,,,,,,,,,,,,,,,,,,,,,,,,
141013,马克思主义学院,马克思主义与当代科技,8班,1.0,16,刘婧鸣,创新港校区-5-1005,1,3-4,1-8,,,,,,,,,,,,,,,,,,,,,,,,,,,,,,,,,,,,,,,,,,,,,,,,
141013,马克思主义学院,马克思主义与当代科技,9班,1.0,16,吴鹏,创新港校区-5-4043,1,3-4,1-8,,,,,,,,,,,,,,,,,,,,,,,,,,,,,,,,,,,,,,,,,,,,,,,,
141013,马克思主义学院,马克思主义与当代科技,10班,1.0,16,李超阳,创新港校区-5-2025,1,3-4,1-8,,,,,,,,,,,,,,,,,,,,,,,,,,,,,,,,,,,,,,,,,,,,,,,,
141013,马克思主义学院,马克思主义与当代科技,11班,1.0,16,丁中正,创新港校区-5-1W101,1,3-4,1-8,,,,,,,,,,,,,,,,,,,,,,,,,,,,,,,,,,,,,,,,,,,,,,,,
141013,马克思主义学院,马克思主义与当代科技,12班,1.0,16,王亮,创新港校区-5-6106,1,5-6,1-8,,,,,,,,,,,,,,,,,,,,,,,,,,,,,,,,,,,,,,,,,,,,,,,,
141013,马克思主义学院,马克思主义与当代科技,13班,1.0,16,张科豪,创新港校区-5-3107,1,5-6,1-8,,,,,,,,,,,,,,,,,,,,,,,,,,,,,,,,,,,,,,,,,,,,,,,,
141013,马克思主义学院,马克思主义与当代科技,14班,1.0,16,叶妮,创新港校区-5-4106,1,5-6,1-8,,,,,,,,,,,,,,,,,,,,,,,,,,,,,,,,,,,,,,,,,,,,,,,,
141013,马克思主义学院,马克思主义与当代科技,15班,1.0,16,郭怡菲,创新港校区-5-5107,1,5-6,1-8,,,,,,,,,,,,,,,,,,,,,,,,,,,,,,,,,,,,,,,,,,,,,,,,
141013,马克思主义学院,马克思主义与当代科技,16班,1.0,16,马小虎,创新港校区-5-7107,1,5-6,1-8,,,,,,,,,,,,,,,,,,,,,,,,,,,,,,,,,,,,,,,,,,,,,,,,
141013,马克思主义学院,马克思主义与当代科技,17班,1.0,16,刘婧鸣,创新港校区-5-1005,1,5-6,1-8,,,,,,,,,,,,,,,,,,,,,,,,,,,,,,,,,,,,,,,,,,,,,,,,
141013,马克思主义学院,马克思主义与当代科技,18班,1.0,16,吴鹏,创新港校区-5-4043,1,5-6,1-8,,,,,,,,,,,,,,,,,,,,,,,,,,,,,,,,,,,,,,,,,,,,,,,,
141013,马克思主义学院,马克思主义与当代科技,19班,1.0,16,朱嘉玉,创新港校区-5-7043,1,5-6,1-8,,,,,,,,,,,,,,,,,,,,,,,,,,,,,,,,,,,,,,,,,,,,,,,,
141013,马克思主义学院,马克思主义与当代科技,20班,1.0,16,孟书敏,创新港校区-5-5043,1,5-6,1-8,,,,,,,,,,,,,,,,,,,,,,,,,,,,,,,,,,,,,,,,,,,,,,,,
141013,马克思主义学院,马克思主义与当代科技,21班,1.0,16,李超阳,创新港校区-5-2025,1,5-6,1-8,,,,,,,,,,,,,,,,,,,,,,,,,,,,,,,,,,,,,,,,,,,,,,,,
141013,马克思主义学院,马克思主义与当代科技,22班,1.0,16,丁中正,创新港校区-5-1W101,1,5-6,1-8,,,,,,,,,,,,,,,,,,,,,,,,,,,,,,,,,,,,,,,,,,,,,,,,
141013,马克思主义学院,马克思主义与当代科技,23班,1.0,16,刘小溪,创新港校区-5-6043,1,5-6,1-8,,,,,,,,,,,,,,,,,,,,,,,,,,,,,,,,,,,,,,,,,,,,,,,,
141013,马克思主义学院,马克思主义与当代科技,24班,1.0,16,张科豪,创新港校区-5-3107,1,7-8,1-8,,,,,,,,,,,,,,,,,,,,,,,,,,,,,,,,,,,,,,,,,,,,,,,,
141013,马克思主义学院,马克思主义与当代科技,25班,1.0,16,叶妮,创新港校区-5-4106,1,7-8,1-8,,,,,,,,,,,,,,,,,,,,,,,,,,,,,,,,,,,,,,,,,,,,,,,,
141013,马克思主义学院,马克思主义与当代科技,26班,1.0,16,郭怡菲,创新港校区-5-5107,1,7-8,1-8,,,,,,,,,,,,,,,,,,,,,,,,,,,,,,,,,,,,,,,,,,,,,,,,
141013,马克思主义学院,马克思主义与当代科技,27班,1.0,16,马小虎,创新港校区-5-7107,1,7-8,1-8,,,,,,,,,,,,,,,,,,,,,,,,,,,,,,,,,,,,,,,,,,,,,,,,
141013,马克思主义学院,马克思主义与当代科技,28班,1.0,16,刘婧鸣,创新港校区-5-1005,1,7-8,1-8,,,,,,,,,,,,,,,,,,,,,,,,,,,,,,,,,,,,,,,,,,,,,,,,
141013,马克思主义学院,马克思主义与当代科技,29班,1.0,16,吴鹏,创新港校区-5-4043,1,7-8,1-8,,,,,,,,,,,,,,,,,,,,,,,,,,,,,,,,,,,,,,,,,,,,,,,,
141013,马克思主义学院,马克思主义与当代科技,30班,1.0,16,朱嘉玉,创新港校区-5-7043,1,7-8,1-8,,,,,,,,,,,,,,,,,,,,,,,,,,,,,,,,,,,,,,,,,,,,,,,,
141013,马克思主义学院,马克思主义与当代科技,31班,1.0,16,孟书敏,创新港校区-5-5043,1,7-8,1-8,,,,,,,,,,,,,,,,,,,,,,,,,,,,,,,,,,,,,,,,,,,,,,,,
141013,马克思主义学院,马克思主义与当代科技,32班,1.0,16,李超阳,创新港校区-5-2025,1,7-8,1-8,,,,,,,,,,,,,,,,,,,,,,,,,,,,,,,,,,,,,,,,,,,,,,,,
141013,马克思主义学院,马克思主义与当代科技,33班,1.0,16,丁中正,创新港校区-5-1W101,1,7-8,1-8,,,,,,,,,,,,,,,,,,,,,,,,,,,,,,,,,,,,,,,,,,,,,,,,
141013,马克思主义学院,马克思主义与当代科技,34班,1.0,16,刘小溪,创新港校区-5-6043,1,7-8,1-8,,,,,,,,,,,,,,,,,,,,,,,,,,,,,,,,,,,,,,,,,,,,,,,,
141013,马克思主义学院,马克思主义与当代科技,35班,1.0,16,胡晓迪,创新港校区-5-7043,3,1-2,1-8,,,,,,,,,,,,,,,,,,,,,,,,,,,,,,,,,,,,,,,,,,,,,,,,
141013,马克思主义学院,马克思主义与当代科技,36班,1.0,16,孙萍萍,创新港校区-5-1005,3,1-2,1-8,,,,,,,,,,,,,,,,,,,,,,,,,,,,,,,,,,,,,,,,,,,,,,,,
141013,马克思主义学院,马克思主义与当代科技,37班,1.0,16,张科豪,创新港校区-5-3107,3,3-4,1-8,,,,,,,,,,,,,,,,,,,,,,,,,,,,,,,,,,,,,,,,,,,,,,,,
141013,马克思主义学院,马克思主义与当代科技,39班,1.0,16,胡晓迪,创新港校区-5-7043,3,3-4,1-8,,,,,,,,,,,,,,,,,,,,,,,,,,,,,,,,,,,,,,,,,,,,,,,,
141013,马克思主义学院,马克思主义与当代科技,40班,1.0,16,孙萍萍,创新港校区-5-1005,3,3-4,1-8,,,,,,,,,,,,,,,,,,,,,,,,,,,,,,,,,,,,,,,,,,,,,,,,
141013,马克思主义学院,马克思主义与当代科技,41班,1.0,16,丁中正,创新港校区-5-7107,3,3-4,1-8,,,,,,,,,,,,,,,,,,,,,,,,,,,,,,,,,,,,,,,,,,,,,,,,
141013,马克思主义学院,马克思主义与当代科技,42班,1.0,16,张科豪,创新港校区-5-3107,3,5-6,1-8,,,,,,,,,,,,,,,,,,,,,,,,,,,,,,,,,,,,,,,,,,,,,,,,
141013,马克思主义学院,马克思主义与当代科技,43班,1.0,16,马小虎,创新港校区-5-7107,3,5-6,1-8,,,,,,,,,,,,,,,,,,,,,,,,,,,,,,,,,,,,,,,,,,,,,,,,
141013,马克思主义学院,马克思主义与当代科技,44班,1.0,16,郭怡菲,创新港校区-5-5107,3,5-6,1-8,,,,,,,,,,,,,,,,,,,,,,,,,,,,,,,,,,,,,,,,,,,,,,,,
141013,马克思主义学院,马克思主义与当代科技,45班,1.0,16,景奎,创新港校区-5-4106,3,5-6,1-8,,,,,,,,,,,,,,,,,,,,,,,,,,,,,,,,,,,,,,,,,,,,,,,,
141013,马克思主义学院,马克思主义与当代科技,47班,1.0,16,胡晓迪,创新港校区-5-7043,3,5-6,1-8,,,,,,,,,,,,,,,,,,,,,,,,,,,,,,,,,,,,,,,,,,,,,,,,
141013,马克思主义学院,马克思主义与当代科技,48班,1.0,16,张心仪,创新港校区-5-6106,3,5-6,1-8,,,,,,,,,,,,,,,,,,,,,,,,,,,,,,,,,,,,,,,,,,,,,,,,
141013,马克思主义学院,马克思主义与当代科技,49班,1.0,16,刘小溪,创新港校区-5-6043,3,5-6,1-8,,,,,,,,,,,,,,,,,,,,,,,,,,,,,,,,,,,,,,,,,,,,,,,,
141013,马克思主义学院,马克思主义与当代科技,50班,1.0,16,王舒傲,创新港校区-3-6001,3,5-6,1-8,,,,,,,,,,,,,,,,,,,,,,,,,,,,,,,,,,,,,,,,,,,,,,,,
141013,马克思主义学院,马克思主义与当代科技,51班,1.0,16,孙萍萍,创新港校区-5-1005,3,5-6,1-8,,,,,,,,,,,,,,,,,,,,,,,,,,,,,,,,,,,,,,,,,,,,,,,,
141013,马克思主义学院,马克思主义与当代科技,52班,1.0,16,李重,创新港校区-5-2025,3,5-6,1-8,,,,,,,,,,,,,,,,,,,,,,,,,,,,,,,,,,,,,,,,,,,,,,,,
141013,马克思主义学院,马克思主义与当代科技,53班,1.0,16,张科豪,创新港校区-5-3107,3,7-8,1-8,,,,,,,,,,,,,,,,,,,,,,,,,,,,,,,,,,,,,,,,,,,,,,,,
141013,马克思主义学院,马克思主义与当代科技,54班,1.0,16,马小虎,创新港校区-5-7107,3,7-8,1-8,,,,,,,,,,,,,,,,,,,,,,,,,,,,,,,,,,,,,,,,,,,,,,,,
141013,马克思主义学院,马克思主义与当代科技,55班,1.0,16,郭怡菲,创新港校区-5-5107,3,7-8,1-8,,,,,,,,,,,,,,,,,,,,,,,,,,,,,,,,,,,,,,,,,,,,,,,,
141013,马克思主义学院,马克思主义与当代科技,56班,1.0,16,景奎,创新港校区-5-4106,3,7-8,1-8,,,,,,,,,,,,,,,,,,,,,,,,,,,,,,,,,,,,,,,,,,,,,,,,
141013,马克思主义学院,马克思主义与当代科技,58班,1.0,16,胡晓迪,创新港校区-5-7043,3,7-8,1-8,,,,,,,,,,,,,,,,,,,,,,,,,,,,,,,,,,,,,,,,,,,,,,,,
141013,马克思主义学院,马克思主义与当代科技,59班,1.0,16,张心仪,创新港校区-5-6106,3,7-8,1-8,,,,,,,,,,,,,,,,,,,,,,,,,,,,,,,,,,,,,,,,,,,,,,,,
141013,马克思主义学院,马克思主义与当代科技,60班,1.0,16,刘小溪,创新港校区-5-6043,3,7-8,1-8,,,,,,,,,,,,,,,,,,,,,,,,,,,,,,,,,,,,,,,,,,,,,,,,
141013,马克思主义学院,马克思主义与当代科技,61班,1.0,16,王舒傲,创新港校区-3-6001,3,7-8,1-8,,,,,,,,,,,,,,,,,,,,,,,,,,,,,,,,,,,,,,,,,,,,,,,,
141013,马克思主义学院,马克思主义与当代科技,62班,1.0,16,孙萍萍,创新港校区-5-1005,3,7-8,1-8,,,,,,,,,,,,,,,,,,,,,,,,,,,,,,,,,,,,,,,,,,,,,,,,
141013,马克思主义学院,马克思主义与当代科技,63班,1.0,16,李重,创新港校区-5-2025,3,7-8,1-8,,,,,,,,,,,,,,,,,,,,,,,,,,,,,,,,,,,,,,,,,,,,,,,,
141013,马克思主义学院,马克思主义与当代科技,64班,1.0,16,唐敏,雁塔校区-解剖楼-解南,5,5-6,1-8,,,,,,,,,,,,,,,,,,,,,,,,,,,,,,,,,,,,,,,,,,,,,,,,
141013,马克思主义学院,马克思主义与当代科技,65班,1.0,16,张科豪,雁塔校区-病理楼-病北,5,5-6,1-8,,,,,,,,,,,,,,,,,,,,,,,,,,,,,,,,,,,,,,,,,,,,,,,,
141013,马克思主义学院,马克思主义与当代科技,66班,1.0,16,景奎,雁塔校区-解剖楼-解北,5,5-6,1-8,,,,,,,,,,,,,,,,,,,,,,,,,,,,,,,,,,,,,,,,,,,,,,,,
141013,马克思主义学院,马克思主义与当代科技,67班,1.0,16,张科豪,雁塔校区-病理楼-病北,5,7-8,1-8,,,,,,,,,,,,,,,,,,,,,,,,,,,,,,,,,,,,,,,,,,,,,,,,
141013,马克思主义学院,马克思主义与当代科技,68班,1.0,16,景奎,雁塔校区-解剖楼-解北,5,7-8,1-8,,,,,,,,,,,,,,,,,,,,,,,,,,,,,,,,,,,,,,,,,,,,,,,,
141014,马克思主义学院,习近平著作选读,1班,2.0,32,苏玉波,创新港校区-5-1W105,1,5-6,1-8,创新港校区-1-6060,3,5-6,1-8,,,,,,,,,,,,,,,,,,,,,,,,,,,,,,,,,,,,,,,,,,,,
141014,马克思主义学院,习近平著作选读,2班,2.0,32,陈建兵,创新港校区-5-1W103,1,5-6,1-8,创新港校区-5-1W103,3,5-6,1-8,,,,,,,,,,,,,,,,,,,,,,,,,,,,,,,,,,,,,,,,,,,,
141014,马克思主义学院,习近平著作选读,3班,2.0,32,杜晓燕,创新港校区-3-6011,1,5-6,1-8,创新港校区-3-6011,3,5-6,1-8,,,,,,,,,,,,,,,,,,,,,,,,,,,,,,,,,,,,,,,,,,,,
141014,马克思主义学院,习近平著作选读,4班,2.0,32,曹芳,创新港校区-19-3110,1,5-6,1-8,创新港校区-19-3110,3,5-6,1-8,,,,,,,,,,,,,,,,,,,,,,,,,,,,,,,,,,,,,,,,,,,,
141014,马克思主义学院,习近平著作选读,5班,2.0,32,靳小勇,创新港校区-19-4110,1,5-6,1-8,创新港校区-19-4110,3,5-6,1-8,,,,,,,,,,,,,,,,,,,,,,,,,,,,,,,,,,,,,,,,,,,,
141014,马克思主义学院,习近平著作选读,6班,2.0,32,王哲,创新港校区-19-2097,1,5-6,1-8,创新港校区-19-2097,3,5-6,1-8,,,,,,,,,,,,,,,,,,,,,,,,,,,,,,,,,,,,,,,,,,,,
141014,马克思主义学院,习近平著作选读,7班,2.0,32,王书吟,创新港校区-19-5111,1,5-6,1-8,创新港校区-19-5111,3,5-6,1-8,,,,,,,,,,,,,,,,,,,,,,,,,,,,,,,,,,,,,,,,,,,,
141014,马克思主义学院,习近平著作选读,8班,2.0,32,张振,创新港校区-5-1W103,1,7-8,1-8,创新港校区-5-1W103,3,7-8,1-8,,,,,,,,,,,,,,,,,,,,,,,,,,,,,,,,,,,,,,,,,,,,
141014,马克思主义学院,习近平著作选读,9班,2.0,32,宋希斌,创新港校区-3-6011,1,7-8,1-8,创新港校区-3-6011,3,7-8,1-8,,,,,,,,,,,,,,,,,,,,,,,,,,,,,,,,,,,,,,,,,,,,
141014,马克思主义学院,习近平著作选读,10班,2.0,32,刘源,创新港校区-19-3110,1,7-8,1-8,创新港校区-19-3110,3,7-8,1-8,,,,,,,,,,,,,,,,,,,,,,,,,,,,,,,,,,,,,,,,,,,,
141014,马克思主义学院,习近平著作选读,11班,2.0,32,李园园,创新港校区-19-4110,1,7-8,1-8,创新港校区-19-4110,3,7-8,1-8,,,,,,,,,,,,,,,,,,,,,,,,,,,,,,,,,,,,,,,,,,,,
141014,马克思主义学院,习近平著作选读,12班,2.0,32,梁军,创新港校区-19-2097,1,7-8,1-8,创新港校区-19-2097,3,7-8,1-8,,,,,,,,,,,,,,,,,,,,,,,,,,,,,,,,,,,,,,,,,,,,
141014,马克思主义学院,习近平著作选读,13班,2.0,32,王维国,创新港校区-5-1W105,1,7-8,1-8,创新港校区-1-6060,3,7-8,1-8,,,,,,,,,,,,,,,,,,,,,,,,,,,,,,,,,,,,,,,,,,,,
141014,马克思主义学院,习近平著作选读,14班,2.0,32,刘占虎,创新港校区-1-5057,1,5-6,1-8,创新港校区-1-5057,3,5-6,1-8,,,,,,,,,,,,,,,,,,,,,,,,,,,,,,,,,,,,,,,,,,,,
141014,马克思主义学院,习近平著作选读,15班,2.0,32,赵斌,创新港校区-5-7107,1,5-6,9-16,创新港校区-5-7107,3,5-6,9-16,,,,,,,,,,,,,,,,,,,,,,,,,,,,,,,,,,,,,,,,,,,,
141014,马克思主义学院,习近平著作选读,16班,2.0,32,王永香,创新港校区-5-7043,1,5-6,9-16,创新港校区-5-7043,3,5-6,9-16,,,,,,,,,,,,,,,,,,,,,,,,,,,,,,,,,,,,,,,,,,,,
141014,马克思主义学院,习近平著作选读,17班,2.0,32,冯峥,创新港校区-5-7107,1,7-8,9-16,创新港校区-5-7107,3,7-8,9-16,,,,,,,,,,,,,,,,,,,,,,,,,,,,,,,,,,,,,,,,,,,,
141014,马克思主义学院,习近平著作选读,18班,2.0,32,李家胜,创新港校区-5-7043,1,7-8,9-16,创新港校区-5-7043,3,7-8,9-16,,,,,,,,,,,,,,,,,,,,,,,,,,,,,,,,,,,,,,,,,,,,
141014,马克思主义学院,习近平著作选读,19班,2.0,32,李天姿,兴庆校区-主楼B-203,1,5-6,1-8,兴庆校区-主楼B-203,3,5-6,1-8,,,,,,,,,,,,,,,,,,,,,,,,,,,,,,,,,,,,,,,,,,,,
141014,马克思主义学院,习近平著作选读,20班,2.0,32,李天姿,兴庆校区-主楼B-203,1,7-8,1-8,兴庆校区-主楼B-203,3,7-8,1-8,,,,,,,,,,,,,,,,,,,,,,,,,,,,,,,,,,,,,,,,,,,,
141014,马克思主义学院,习近平著作选读,21班,2.0,32,樊晓燕,兴庆校区-主楼B-203,1,5-6,9-16,兴庆校区-主楼B-203,3,5-6,9-16,,,,,,,,,,,,,,,,,,,,,,,,,,,,,,,,,,,,,,,,,,,,
141014,马克思主义学院,习近平著作选读,22班,2.0,32,孟书敏,兴庆校区-主楼B-203,1,7-8,9-16,兴庆校区-主楼B-203,3,7-8,9-16,,,,,,,,,,,,,,,,,,,,,,,,,,,,,,,,,,,,,,,,,,,,
141014,马克思主义学院,习近平著作选读,23班,2.0,32,金新,雁塔校区-病理楼-病北,1,5-6,1-8,雁塔校区-病理楼-病北,3,5-6,1-8,,,,,,,,,,,,,,,,,,,,,,,,,,,,,,,,,,,,,,,,,,,,
141014,马克思主义学院,习近平著作选读,24班,2.0,32,邱雨,雁塔校区-病理楼-病北,1,7-8,1-8,雁塔校区-病理楼-病北,3,7-8,1-8,,,,,,,,,,,,,,,,,,,,,,,,,,,,,,,,,,,,,,,,,,,,
141014,马克思主义学院,习近平著作选读,非全集中授课班,2.0,32,陈永华,创新港校区-5-6106,1,1-8,17-17,创新港校区-5-6106,2,1-8,17-17,创新港校区-5-6106,3,1-8,17-17,创新港校区-5-6106,4,1-8,17-17,,,,,,,,,,,,,,,,,,,,,,,,,,,,,,,,,,,,
141014,马克思主义学院,习近平著作选读,非全集中授课班_1,2.0,32,林星,兴庆校区-主楼D-106,1,1-8,17-17,兴庆校区-主楼D-106,2,1-8,17-17,兴庆校区-主楼D-106,3,1-8,17-17,兴庆校区-主楼D-106,4,1-8,17-17,,,,,,,,,,,,,,,,,,,,,,,,,,,,,,,,,,,,
141016,马克思主义学院,当代社会思潮辨析,1班,1.0,16,燕连福,兴庆校区-主楼D-106,1,5-6,9-16,,,,,,,,,,,,,,,,,,,,,,,,,,,,,,,,,,,,,,,,,,,,,,,,
142001,马克思主义学院,建筑创作与规划设计研究（1）,1班,2.0,32,翟斌庆,创新港校区-5-6045,7,5-8,9-16,,,,,,,,,,,,,,,,,,,,,,,,,,,,,,,,,,,,,,,,,,,,,,,,
142021,马克思主义学院,文化遗产保护理论与实践述评,1班,2.0,32,刘怡,创新港校区-5-7109,1,7-10,1-8,,,,,,,,,,,,,,,,,,,,,,,,,,,,,,,,,,,,,,,,,,,,,,,,
143002,马克思主义学院,中国近现代史基本问题专题,1班,2.0,32,靳小勇,兴庆校区-主楼C-406,2,3-6,9-16,,,,,,,,,,,,,,,,,,,,,,,,,,,,,,,,,,,,,,,,,,,,,,,,
143004,马克思主义学院,经济学说史,1班,2.0,32,唐敏,兴庆校区-中2-2248,5,3-6,9-16,,,,,,,,,,,,,,,,,,,,,,,,,,,,,,,,,,,,,,,,,,,,,,,,
143006,马克思主义学院,The OBOR Initiative and Global Governance,1班,2.0,32,朱旭,兴庆校区-中2-2240,3,3-6,1-8,,,,,,,,,,,,,,,,,,,,,,,,,,,,,,,,,,,,,,,,,,,,,,,,
143007,马克思主义学院,A Study of China’s Reform and Opening-up,1班,2.0,32,范玉仙,兴庆校区-中3-2329,2,5-6,9-16,兴庆校区-中3-2329,4,3-4,9-16,,,,,,,,,,,,,,,,,,,,,,,,,,,,,,,,,,,,,,,,,,,,
143009,马克思主义学院,Studies On Contemporary International Relations and China’s Diplomacy,1班,2.0,32,赵斌,兴庆校区-中2-1207,4,3-6,9-16,,,,,,,,,,,,,,,,,,,,,,,,,,,,,,,,,,,,,,,,,,,,,,,,
143014,马克思主义学院,习近平新时代中国特色社会主义思想专题,重修班,2.0,32,苏玉波,创新港校区-5-5043,1,5-6,9-9,创新港校区-5-4043,1,5-6,10-16,创新港校区-5-5043,3,5-6,9-9,创新港校区-5-4043,3,5-6,10-16,,,,,,,,,,,,,,,,,,,,,,,,,,,,,,,,,,,,
143015,马克思主义学院,国外马克思主义经典原著精读,1班,2.0,40,杨栋,兴庆校区-中2-2209,2,3-7,9-16,,,,,,,,,,,,,,,,,,,,,,,,,,,,,,,,,,,,,,,,,,,,,,,,
143018,马克思主义学院,教育学概论,1班,1.0,16,杨华,兴庆校区-主楼A-102,2,5-6,1-8,,,,,,,,,,,,,,,,,,,,,,,,,,,,,,,,,,,,,,,,,,,,,,,,
143019,马克思主义学院,国外马克思主义意识形态理论研究,1班,1.0,16,王哲,兴庆校区-主楼D-106,2,3-4,1-8,,,,,,,,,,,,,,,,,,,,,,,,,,,,,,,,,,,,,,,,,,,,,,,,
143020,马克思主义学院,西北革命史专题研究,1班,1.0,16,宋希斌,兴庆校区-中2-2248,2,7-8,1-8,,,,,,,,,,,,,,,,,,,,,,,,,,,,,,,,,,,,,,,,,,,,,,,,
143022,马克思主义学院,政治哲学史专题研究,1班,1.0,16,刘占虎,兴庆校区-主楼A-302,4,5-6,1-8,,,,,,,,,,,,,,,,,,,,,,,,,,,,,,,,,,,,,,,,,,,,,,,,
143029,马克思主义学院,跨学科的马克思主义研究,1班,2.0,32,梁军,兴庆校区-主楼B-104,4,3-6,1-8,,,,,,,,,,,,,,,,,,,,,,,,,,,,,,,,,,,,,,,,,,,,,,,,
143030,马克思主义学院,马克思主义中国化经典文献选读,1班,2.0,32,刘源,兴庆校区-西2东-338,4,3-6,1-8,,,,,,,,,,,,,,,,,,,,,,,,,,,,,,,,,,,,,,,,,,,,,,,,
152001,医学部,心血管病理生理学,1班,2.0,40,张伊,创新港校区-20-3099,5,5-7,1-1,创新港校区-20-3099,5,5-6,2-2,创新港校区-20-3099,5,5-7,3-3,创新港校区-20-3099,5,5-6,4-4,创新港校区-20-4099,5,5-6,5-6,创新港校区-20-3099,5,5-7,7-7,创新港校区-20-3099,5,5-6,8-8,创新港校区-20-3099,5,5-7,9-9,创新港校区-20-3099,5,5-6,10-10,创新港校区-20-3099,5,5-7,11-11,创新港校区-20-3099,5,5-6,12-12,创新港校区-20-3099,5,5-7,13-13,创新港校区-20-3099,5,5-8,14-14
152007,医学部,医学免疫学,2班,2.0,40,王军阳,雁塔校区-病理楼-病北,7,5-8,1-1,雁塔校区-病理楼-病北,7,5-8,4-12,,,,,,,,,,,,,,,,,,,,,,,,,,,,,,,,,,,,,,,,,,,,
152007,医学部,医学免疫学,3班,2.0,40,王军阳,创新港校区-20-4103,5,5-8,1-1,创新港校区-20-4103,5,5-8,4-12,,,,,,,,,,,,,,,,,,,,,,,,,,,,,,,,,,,,,,,,,,,,
152012,医学部,分子遗传学,1班,2.0,40,张宝,创新港校区-20-3099,4,5-6,2-9,创新港校区-20-3099,4,7-8,1-1,,,,,,,,,,,,,,,,,,,,,,,,,,,,,,,,,,,,,,,,,,,,
152014,医学部,基因组学,1班,2.0,40,陈腾,雁塔校区-综合楼-304,3,9-10,1-10,,,,,,,,,,,,,,,,,,,,,,,,,,,,,,,,,,,,,,,,,,,,,,,,
152014,医学部,基因组学,2班,2.0,40,陈腾,创新港校区-20-3099,4,1-2,1-10,,,,,,,,,,,,,,,,,,,,,,,,,,,,,,,,,,,,,,,,,,,,,,,,
152017,医学部,现代生物技术,1班,2.0,40,李冬民,雁塔校区-解剖楼-解北,5,9-10,1-1,雁塔校区-解剖楼-解北,5,9-11,2-11,雁塔校区-解剖楼-解北,5,9-10,12-12,雁塔校区-解剖楼-解北,5,9-11,13-14,,,,,,,,,,,,,,,,,,,,,,,,,,,,,,,,,,,,
152041,医学部,分子细胞生物学,1班,2.0,40,杨娟,雁塔校区-病理楼-病北,6,5-8,1-10,,,,,,,,,,,,,,,,,,,,,,,,,,,,,,,,,,,,,,,,,,,,,,,,
152041,医学部,分子细胞生物学,2班,2.0,40,杨娟,创新港校区-20-3104,5,1-4,1-4,,,,,,,,,,,,,,,,,,,,,,,,,,,,,,,,,,,,,,,,,,,,,,,,
152042,医学部,医学遗传学,1班,2.0,40,胡劲松,雁塔校区-病理楼-病北,4,5-8,2-11,,,,,,,,,,,,,,,,,,,,,,,,,,,,,,,,,,,,,,,,,,,,,,,,
152042,医学部,医学遗传学,2班,2.0,40,胡劲松,创新港校区-20-3102,5,5-8,2-11,,,,,,,,,,,,,,,,,,,,,,,,,,,,,,,,,,,,,,,,,,,,,,,,
152044,医学部,临床流行病学,1班,2.0,40,吴谦,雁塔校区-病理楼-病北,1,9-11,1-10,,,,,,,,,,,,,,,,,,,,,,,,,,,,,,,,,,,,,,,,,,,,,,,,
152044,医学部,临床流行病学,2班,2.0,40,吴谦,雁塔校区-解剖楼-解北,7,5-8,1-10,,,,,,,,,,,,,,,,,,,,,,,,,,,,,,,,,,,,,,,,,,,,,,,,
152044,医学部,临床流行病学,3班,2.0,40,吴谦,雁塔校区-解剖楼-解北,6,1-4,1-10,,,,,,,,,,,,,,,,,,,,,,,,,,,,,,,,,,,,,,,,,,,,,,,,
152050,医学部,医学统计学（混合）,1班,2.0,40,曾令霞,雁塔校区-解剖楼-解北,6,5-8,1-10,,,,,,,,,,,,,,,,,,,,,,,,,,,,,,,,,,,,,,,,,,,,,,,,
152050,医学部,医学统计学（混合）,2班,2.0,40,曾令霞,雁塔校区-病理楼-病北,7,1-4,1-10,,,,,,,,,,,,,,,,,,,,,,,,,,,,,,,,,,,,,,,,,,,,,,,,
152050,医学部,医学统计学（混合）,3班,2.0,40,曾令霞,雁塔校区-解剖楼-解北,3,5-8,1-10,,,,,,,,,,,,,,,,,,,,,,,,,,,,,,,,,,,,,,,,,,,,,,,,
152050,医学部,医学统计学（混合）,4班,2.0,40,曾令霞,创新港校区-20-4104,1,1-4,1-10,,,,,,,,,,,,,,,,,,,,,,,,,,,,,,,,,,,,,,,,,,,,,,,,
152050,医学部,医学统计学（混合）,5班,2.0,40,曾令霞,创新港校区-21-3057,1,1-4,1-10,,,,,,,,,,,,,,,,,,,,,,,,,,,,,,,,,,,,,,,,,,,,,,,,
152069,医学部,环境－基因相互作用研究的流行病学方法,留学生班,2.0,40,宁玉洁,雁塔校区-综合楼-306,1,5-6,5-14,雁塔校区-综合楼-306,5,2-3,5-14,,,,,,,,,,,,,,,,,,,,,,,,,,,,,,,,,,,,,,,,,,,,
152075,医学部,医学科学研究导论,1班,2.0,32,吕海侠,雁塔校区-解剖楼-解北,1,5-6,1-16,,,,,,,,,,,,,,,,,,,,,,,,,,,,,,,,,,,,,,,,,,,,,,,,
152075,医学部,医学科学研究导论,2班,2.0,32,吕海侠,创新港校区-20-4104,2,5-6,1-16,,,,,,,,,,,,,,,,,,,,,,,,,,,,,,,,,,,,,,,,,,,,,,,,
152078,医学部,诺贝尔奖论文剖析,1班,2.0,32,阎春霞,雁塔校区-解剖楼-解北,3,3-4,1-16,,,,,,,,,,,,,,,,,,,,,,,,,,,,,,,,,,,,,,,,,,,,,,,,
152078,医学部,诺贝尔奖论文剖析,2班,2.0,32,阎春霞,创新港校区-20-4104,4,5-6,1-16,,,,,,,,,,,,,,,,,,,,,,,,,,,,,,,,,,,,,,,,,,,,,,,,
152078,医学部,诺贝尔奖论文剖析,留学生班,2.0,32,阎春霞,雁塔校区-综合楼-303,1,1-3,5-16,,,,,,,,,,,,,,,,,,,,,,,,,,,,,,,,,,,,,,,,,,,,,,,,
152120,医学部,医用生物信息基础,1班,1.0,20,陈艳炯,雁塔校区-综合楼-306,6,5-8,12-16,,,,,,,,,,,,,,,,,,,,,,,,,,,,,,,,,,,,,,,,,,,,,,,,
152120,医学部,医用生物信息基础,2班,1.0,20,陈艳炯,创新港校区-20-4103,2,1-4,12-16,,,,,,,,,,,,,,,,,,,,,,,,,,,,,,,,,,,,,,,,,,,,,,,,
152125,医学部,生物分析技术,1班,2.0,40,王嗣岑,雁塔校区-综合楼-304,7,5-8,1-5,,,,,,,,,,,,,,,,,,,,,,,,,,,,,,,,,,,,,,,,,,,,,,,,
152125,医学部,生物分析技术,2班,2.0,40,王嗣岑,创新港校区-20-4104,6,5-8,1-5,创新港校区-20-4104,6,5-8,9-10,,,,,,,,,,,,,,,,,,,,,,,,,,,,,,,,,,,,,,,,,,,,
152126,医学部,现代分离技术,1班,2.0,32,曾爱国,雁塔校区-综合楼-304,2,5-7,1-6,,,,,,,,,,,,,,,,,,,,,,,,,,,,,,,,,,,,,,,,,,,,,,,,
152126,医学部,现代分离技术,2班,2.0,32,曾爱国,创新港校区-20-4104,5,1-3,1-6,,,,,,,,,,,,,,,,,,,,,,,,,,,,,,,,,,,,,,,,,,,,,,,,
152156,医学部,药物设计学,1班,2.0,32,张杰,创新港校区-20-4103,4,1-2,1-6,创新港校区-21-3122,4,1-4,7-11,,,,,,,,,,,,,,,,,,,,,,,,,,,,,,,,,,,,,,,,,,,,
152162,医学部,细胞膜色谱技术,1班,2.0,40,韩省力,创新港校区-20-4100,4,1-2,1-10,创新港校区-20-4100,4,1-4,11-14,,,,,,,,,,,,,,,,,,,,,,,,,,,,,,,,,,,,,,,,,,,,
152167,医学部,现代食品安全检测技术,1班,2.0,40,王嗣岑,创新港校区-20-4106,3,5-8,1-10,,,,,,,,,,,,,,,,,,,,,,,,,,,,,,,,,,,,,,,,,,,,,,,,
152173,医学部,医学伦理与人际沟通,1班,1.0,20,王明旭,雁塔校区-病理楼-病北,3,9-10,1-1,雁塔校区-病理楼-病北,3,9-11,2-7,,,,,,,,,,,,,,,,,,,,,,,,,,,,,,,,,,,,,,,,,,,,
152173,医学部,医学伦理与人际沟通,2班,1.0,20,王明旭,雁塔校区-病理楼-病北,5,9-10,1-1,雁塔校区-病理楼-病北,5,9-11,2-7,,,,,,,,,,,,,,,,,,,,,,,,,,,,,,,,,,,,,,,,,,,,
152174,医学部,公共卫生与预防医学,1班,1.0,20,马乐,雁塔校区-解剖楼-解北,2,9-10,1-10,,,,,,,,,,,,,,,,,,,,,,,,,,,,,,,,,,,,,,,,,,,,,,,,
152174,医学部,公共卫生与预防医学,2班,1.0,20,马乐,雁塔校区-解剖楼-解北,4,9-10,1-10,,,,,,,,,,,,,,,,,,,,,,,,,,,,,,,,,,,,,,,,,,,,,,,,
152175,医学部,重点传染病防治知识,1班,1.0,16,何英利,雁塔校区-解剖楼-解北,7,9-10,1-8,,,,,,,,,,,,,,,,,,,,,,,,,,,,,,,,,,,,,,,,,,,,,,,,
152175,医学部,重点传染病防治知识,2班,1.0,16,何英利,雁塔校区-解剖楼-解北,6,9-10,1-8,,,,,,,,,,,,,,,,,,,,,,,,,,,,,,,,,,,,,,,,,,,,,,,,
152176,医学部,循证医学,1班,1.0,16,郭卉,雁塔校区-病理楼-病北,6,9-10,1-8,,,,,,,,,,,,,,,,,,,,,,,,,,,,,,,,,,,,,,,,,,,,,,,,
152176,医学部,循证医学,2班,1.0,16,郭卉,雁塔校区-病理楼-病北,7,9-10,1-8,,,,,,,,,,,,,,,,,,,,,,,,,,,,,,,,,,,,,,,,,,,,,,,,
152177,医学部,卫生法律法规,1班,1.0,20,魏曙光,雁塔校区-病理楼-病北,4,9-11,1-7,,,,,,,,,,,,,,,,,,,,,,,,,,,,,,,,,,,,,,,,,,,,,,,,
152177,医学部,卫生法律法规,2班,1.0,20,魏曙光,雁塔校区-病理楼-病北,2,9-11,1-7,,,,,,,,,,,,,,,,,,,,,,,,,,,,,,,,,,,,,,,,,,,,,,,,
152178,医学部,药学研究方法,1班,2.0,32,辛敏行,创新港校区-20-4100,3,1-4,1-8,,,,,,,,,,,,,,,,,,,,,,,,,,,,,,,,,,,,,,,,,,,,,,,,
152181,医学部,药物治疗学,1班,2.0,40,张银萍,雁塔校区-综合楼-306,2,5-8,1-5,雁塔校区-综合楼-306,2,5-6,6-6,雁塔校区-综合楼-306,2,5-8,7-8,雁塔校区-综合楼-306,2,5-6,9-9,雁塔校区-综合楼-306,2,5-8,10-11,,,,,,,,,,,,,,,,,,,,,,,,,,,,,,,,
152182,医学部,循证护理学,1班,2.0,40,施齐芳,雁塔校区-综合楼-304,5,1-4,1-7,雁塔校区-综合楼-304,5,1-2,8-8,雁塔校区-综合楼-304,5,1-4,9-9,雁塔校区-综合楼-304,5,1-3,10-11,,,,,,,,,,,,,,,,,,,,,,,,,,,,,,,,,,,,
152186,医学部,高级病理生理学,1班,2.0,40,刘瑞,雁塔校区-综合楼-306,4,5-8,1-10,,,,,,,,,,,,,,,,,,,,,,,,,,,,,,,,,,,,,,,,,,,,,,,,
152190,医学部,药学学科前沿进展,1班,2.0,40,方宇,创新港校区-20-4100,5,5-6,1-1,创新港校区-20-4100,5,5-8,2-10,创新港校区-20-4100,5,5-6,11-11,,,,,,,,,,,,,,,,,,,,,,,,,,,,,,,,,,,,,,,,
152191,医学部,现代流行病学,1班,3.0,60,张天啸,创新港校区-20-4104,4,1-4,2-16,,,,,,,,,,,,,,,,,,,,,,,,,,,,,,,,,,,,,,,,,,,,,,,,
152192,医学部,公共卫生学,1班,2.0,40,于燕,创新港校区-20-3104,6,5-8,1-2,创新港校区-20-3104,6,5-6,3-3,创新港校区-20-3104,6,5-8,4-5,创新港校区-20-3104,6,5-6,6-6,创新港校区-20-3104,6,5-8,7-8,创新港校区-20-3104,6,5-6,9-9,创新港校区-20-3104,6,5-8,10-10,创新港校区-20-3104,6,5-6,11-11,创新港校区-20-3104,6,5-8,12-12,,,,,,,,,,,,,,,,
152194,医学部,卫生统计学,1班,3.0,60,党少农,创新港校区-21-3057,5,1-4,1-8,创新港校区-21-3057,6,1-4,1-8,,,,,,,,,,,,,,,,,,,,,,,,,,,,,,,,,,,,,,,,,,,,
152195,医学部,公共卫生学研究理论与方法,1班,2.0,40,吴少伟,创新港校区-20-3104,5,5-8,1-10,,,,,,,,,,,,,,,,,,,,,,,,,,,,,,,,,,,,,,,,,,,,,,,,
152197,医学部,医学分子生物学,1班,2.0,40,闫小飞,雁塔校区-解剖楼-解北,7,1-4,1-10,,,,,,,,,,,,,,,,,,,,,,,,,,,,,,,,,,,,,,,,,,,,,,,,
153007,医学部,新药研发案例分析,1班,1.0,20,韩省力,创新港校区-20-4102,2,7-10,12-16,,,,,,,,,,,,,,,,,,,,,,,,,,,,,,,,,,,,,,,,,,,,,,,,
153016,医学部,Sectional Anatomy,留学生班,2.0,40,冯改丰,雁塔校区-综合楼-303,3,9-11,5-12,,,,,,,,,,,,,,,,,,,,,,,,,,,,,,,,,,,,,,,,,,,,,,,,
153018,医学部,Applied anatomy of the head and neck,留学生班,2.0,40,许杰华,雁塔校区-综合楼-303,2,9-11,5-10,,,,,,,,,,,,,,,,,,,,,,,,,,,,,,,,,,,,,,,,,,,,,,,,
153026,医学部,Molecular Biomarker and Medical Application,留学生班,2.0,42,阎春霞,雁塔校区-综合楼-303,5,1-4,5-9,,,,,,,,,,,,,,,,,,,,,,,,,,,,,,,,,,,,,,,,,,,,,,,,
153027,医学部,Death Education and Bioethics,留学生班,2.0,40,陈腾,雁塔校区-综合楼-303,5,5-8,5-13,,,,,,,,,,,,,,,,,,,,,,,,,,,,,,,,,,,,,,,,,,,,,,,,
153028,医学部,Introduction of clinical medicine,留学生班,1.0,20,王铮,雁塔校区-综合楼-303,1,5-6,5-14,,,,,,,,,,,,,,,,,,,,,,,,,,,,,,,,,,,,,,,,,,,,,,,,
153043,医学部,Medical Molecular Biology,1班,2.0,44,闫小飞,雁塔校区-解剖楼-解北,4,1-4,6-10,,,,,,,,,,,,,,,,,,,,,,,,,,,,,,,,,,,,,,,,,,,,,,,,
153043,医学部,Medical Molecular Biology,2班,2.0,44,闫小飞,创新港校区-5-1E103,6,1-4,1-5,,,,,,,,,,,,,,,,,,,,,,,,,,,,,,,,,,,,,,,,,,,,,,,,
153043,医学部,Medical Molecular Biology,留学生班,2.0,44,朱文华,雁塔校区-综合楼-304,3,5-8,5-9,,,,,,,,,,,,,,,,,,,,,,,,,,,,,,,,,,,,,,,,,,,,,,,,
153054,医学部,Histochemistry and Immunohistochemistry,留学生班,2.0,40,周劲松,雁塔校区-综合楼-303,3,1-4,6-14,,,,,,,,,,,,,,,,,,,,,,,,,,,,,,,,,,,,,,,,,,,,,,,,
153061,医学部,Fundations of Medical Bioinformatics,留学生班,1.0,20,陈艳炯,,4,5-8,5-9,,,,,,,,,,,,,,,,,,,,,,,,,,,,,,,,,,,,,,,,,,,,,,,,
153062,医学部,Animal Experiment and Laboratory Animal Science,留学生班,2.0,40,刘恩岐,雁塔校区-解剖楼-解北,2,1-4,5-10,,,,,,,,,,,,,,,,,,,,,,,,,,,,,,,,,,,,,,,,,,,,,,,,
153063,医学部,Biostatistics,留学生班,2.0,40,陈方尧,,1,1-4,6-10,,3,1-4,6-10,,,,,,,,,,,,,,,,,,,,,,,,,,,,,,,,,,,,,,,,,,,,
153065,医学部,公共卫生案例分析,1班,2.0,32,马乐,创新港校区-20-3104,1,1-4,2-9,,,,,,,,,,,,,,,,,,,,,,,,,,,,,,,,,,,,,,,,,,,,,,,,
153069,医学部,Frontiers in Medical Research 医学研究前沿,留学生班,1.0,16,张明真,雁塔校区-综合楼-304,4,1-4,5-12,,,,,,,,,,,,,,,,,,,,,,,,,,,,,,,,,,,,,,,,,,,,,,,,
162138,化学工程与技术学院,新能源电池工程与技术,1班,2.0,40,李明涛,创新港校区-19-3109,1,7-8,1-8,创新港校区-19-3109,3,7-8,1-4,创新港校区-19-3109,5,3-4,1-8,,,,,,,,,,,,,,,,,,,,,,,,,,,,,,,,,,,,,,,,
162140,化学工程与技术学院,多孔材料在能源化工中的应用,1班,2.0,40,马和平,创新港校区-19-2092,5,5-6,1-8,创新港校区-19-2092,6,7-8,1-8,创新港校区-19-2092,7,5-6,4-8,,,,,,,,,,,,,,,,,,,,,,,,,,,,,,,,,,,,,,,,
163002,化学工程与技术学院,现代煤化工与高端装备制造（校企）,1班,2.0,40,何阳,创新港校区-19-3105,2,1-2,1-8,创新港校区-19-3105,3,9-11,1-8,,,,,,,,,,,,,,,,,,,,,,,,,,,,,,,,,,,,,,,,,,,,
163004,化学工程与技术学院,Selected Topics of Chemical Reaction Engineering,1班,2.0,36,段培高,创新港校区-19-2097,3,7-9,9-10,创新港校区-19-2097,3,7-8,11-16,创新港校区-19-2097,4,7-8,11-16,创新港校区-19-2097,6,7-9,9-10,,,,,,,,,,,,,,,,,,,,,,,,,,,,,,,,,,,,
163005,化学工程与技术学院,功能分子材料导论,1班,2.0,32,杨庆远,创新港校区-19-4110,3,1-2,1-8,创新港校区-19-4110,5,3-4,1-8,,,,,,,,,,,,,,,,,,,,,,,,,,,,,,,,,,,,,,,,,,,,
163006,化学工程与技术学院,生物能源,1班,2.0,40,郭坤,创新港校区-19-2092,4,1-2,1-8,创新港校区-19-2092,5,9-11,1-8,,,,,,,,,,,,,,,,,,,,,,,,,,,,,,,,,,,,,,,,,,,,
163007,化学工程与技术学院,电化学工程导论,1班,2.0,40,胡超,创新港校区-19-2094,1,9-10,1-8,创新港校区-19-2094,3,9-10,1-8,创新港校区-19-2094,5,7-8,1-4,,,,,,,,,,,,,,,,,,,,,,,,,,,,,,,,,,,,,,,,
163008,化学工程与技术学院,Industrial Metal Nanocatalysts,1班,2.0,40,黄博,创新港校区-19-2092,2,7-8,9-16,创新港校区-19-2092,5,6-8,9-16,,,,,,,,,,,,,,,,,,,,,,,,,,,,,,,,,,,,,,,,,,,,
163011,化学工程与技术学院,微纳尺度流体输运,1班,2.0,32,周文静,创新港校区-19-3109,5,3-4,9-16,创新港校区-19-3109,5,7-8,9-16,,,,,,,,,,,,,,,,,,,,,,,,,,,,,,,,,,,,,,,,,,,,
163013,化学工程与技术学院,过程余压回收与工业节能,1班,2.0,32,邓建强,创新港校区-19-3109,2,9-10,1-8,创新港校区-19-3109,6,5-6,1-8,,,,,,,,,,,,,,,,,,,,,,,,,,,,,,,,,,,,,,,,,,,,
163019,化学工程与技术学院,研究生论文写作指导（化工）,1班,1.0,16,陈飞,创新港校区-19-2097,1,9-10,5-8,创新港校区-19-2097,2,7-8,5-8,,,,,,,,,,,,,,,,,,,,,,,,,,,,,,,,,,,,,,,,,,,,
163019,化学工程与技术学院,研究生论文写作指导（化工）,2班,1.0,16,陈飞,创新港校区-19-3110,1,9-10,5-8,创新港校区-19-3110,2,9-10,5-8,,,,,,,,,,,,,,,,,,,,,,,,,,,,,,,,,,,,,,,,,,,,
163019,化学工程与技术学院,研究生论文写作指导（化工）,3班,1.0,16,陈飞,创新港校区-19-2094,1,7-8,5-8,创新港校区-19-2094,3,7-8,5-8,,,,,,,,,,,,,,,,,,,,,,,,,,,,,,,,,,,,,,,,,,,,
163019,化学工程与技术学院,研究生论文写作指导（化工）,4班,1.0,16,陈飞,创新港校区-19-3110,2,9-10,9-12,创新港校区-19-3110,3,9-10,9-12,,,,,,,,,,,,,,,,,,,,,,,,,,,,,,,,,,,,,,,,,,,,
163019,化学工程与技术学院,研究生论文写作指导（化工）,5班,1.0,16,陈飞,创新港校区-19-3110,4,7-8,9-12,创新港校区-19-3110,5,5-6,9-12,,,,,,,,,,,,,,,,,,,,,,,,,,,,,,,,,,,,,,,,,,,,
163020,化学工程与技术学院,热系统分析与优化方法选论,1班,2.0,32,郑楠,创新港校区-19-3109,1,9-10,9-16,创新港校区-19-3109,4,5-6,9-16,,,,,,,,,,,,,,,,,,,,,,,,,,,,,,,,,,,,,,,,,,,,
163022,化学工程与技术学院,制氢工艺与技术,1班,2.0,32,孙杰,创新港校区-19-2097,3,3-4,9-16,创新港校区-19-2097,5,5-6,9-16,,,,,,,,,,,,,,,,,,,,,,,,,,,,,,,,,,,,,,,,,,,,
163023,化学工程与技术学院,过程装备热控技术,1班,2.0,32,魏进家,创新港校区-19-2094,1,7-8,9-16,创新港校区-19-2094,2,1-2,9-16,,,,,,,,,,,,,,,,,,,,,,,,,,,,,,,,,,,,,,,,,,,,
163025,化学工程与技术学院,氢能工程与燃料电池技术,1班,2.0,32,杨福胜,创新港校区-19-2094,5,9-10,9-16,创新港校区-19-2094,6,7-8,9-16,,,,,,,,,,,,,,,,,,,,,,,,,,,,,,,,,,,,,,,,,,,,
163026,化学工程与技术学院,细胞工厂与合成生物化工,1班,2.0,32,费强,创新港校区-19-3109,2,7-8,1-8,创新港校区-19-3109,4,7-8,1-8,,,,,,,,,,,,,,,,,,,,,,,,,,,,,,,,,,,,,,,,,,,,
163029,化学工程与技术学院,液流电池智能传质强化（采集式课程）,1班,2.0,32,王睿,创新港校区-1-2056,6,5-6,1-1,,,,,,,,,,,,,,,,,,,,,,,,,,,,,,,,,,,,,,,,,,,,,,,,
172001,医学部,高等有机化学,1班,2.0,40,贺怀贞,创新港校区-20-4103,3,5-8,1-10,,,,,,,,,,,,,,,,,,,,,,,,,,,,,,,,,,,,,,,,,,,,,,,,
172002,医学部,生物医药色谱分析,1班,2.0,32,卢闻,创新港校区-20-3102,7,2-4,1-6,,,,,,,,,,,,,,,,,,,,,,,,,,,,,,,,,,,,,,,,,,,,,,,,
172006,医学部,药物作用过程分析,1班,2.0,40,张彦民,创新港校区-20-3102,7,5-8,1-5,,,,,,,,,,,,,,,,,,,,,,,,,,,,,,,,,,,,,,,,,,,,,,,,
172007,医学部,药事管理学进展,1班,2.0,40,方宇,创新港校区-20-3104,4,5-7,1-4,创新港校区-20-3104,4,5-8,5-5,创新港校区-20-3104,4,5-7,6-13,,,,,,,,,,,,,,,,,,,,,,,,,,,,,,,,,,,,,,,,
172015,医学部,中药物质基础分析,1班,2.0,32,卢闻,创新港校区-20-3099,7,5-7,1-6,,,,,,,,,,,,,,,,,,,,,,,,,,,,,,,,,,,,,,,,,,,,,,,,
172020,医学部,新药发现与筛选（1）,1班,2.0,40,詹冠群,创新港校区-20-4100,1,5-7,1-4,创新港校区-20-4100,1,5-8,5-5,创新港校区-20-4100,1,5-7,6-13,,,,,,,,,,,,,,,,,,,,,,,,,,,,,,,,,,,,,,,,
182001,公共政策与管理学院,公共管理学,1班,2.0,32,刘朔,创新港校区-5-3109,3,3-6,1-8,,,,,,,,,,,,,,,,,,,,,,,,,,,,,,,,,,,,,,,,,,,,,,,,
182002,公共政策与管理学院,公共经济学,1班,2.0,32,黎洁,创新港校区-5-2033,5,3-6,9-16,,,,,,,,,,,,,,,,,,,,,,,,,,,,,,,,,,,,,,,,,,,,,,,,
182003,公共政策与管理学院,公共政策学,1班,2.0,32,白萌,创新港校区-5-2060,1,3-4,1-8,创新港校区-5-2060,1,7-8,1-8,,,,,,,,,,,,,,,,,,,,,,,,,,,,,,,,,,,,,,,,,,,,
182004,公共政策与管理学院,公共管理研究方法,1班,2.0,32,阎波,创新港校区-5-2025,5,3-6,1-8,,,,,,,,,,,,,,,,,,,,,,,,,,,,,,,,,,,,,,,,,,,,,,,,
182005,公共政策与管理学院,应用统计学,1班,2.0,32,董新宇,创新港校区-5-2001,4,3-6,1-8,,,,,,,,,,,,,,,,,,,,,,,,,,,,,,,,,,,,,,,,,,,,,,,,
182007,公共政策与管理学院,Health Economics,1班,2.0,32,周忠良,创新港校区-5-2029,2,3-6,1-8,,,,,,,,,,,,,,,,,,,,,,,,,,,,,,,,,,,,,,,,,,,,,,,,
182014,公共政策与管理学院,智慧治理,1班,2.0,32,马宁,创新港校区-5-1007,3,3-6,9-16,,,,,,,,,,,,,,,,,,,,,,,,,,,,,,,,,,,,,,,,,,,,,,,,
182096,公共政策与管理学院,社会网络研究导论（混合）,1班,2.0,32,杜海峰,创新港校区-5-1007,3,3-6,1-8,,,,,,,,,,,,,,,,,,,,,,,,,,,,,,,,,,,,,,,,,,,,,,,,
182126,公共政策与管理学院,高级卫生政策与管理学,1班,2.0,32,许永建,创新港校区-5-2042,5,7-10,1-8,,,,,,,,,,,,,,,,,,,,,,,,,,,,,,,,,,,,,,,,,,,,,,,,
182128,公共政策与管理学院,公共管理前沿,1班,2.0,32,刘慧君,创新港校区-5-7043,4,3-6,1-8,,,,,,,,,,,,,,,,,,,,,,,,,,,,,,,,,,,,,,,,,,,,,,,,
182130,公共政策与管理学院,政治学理论与前沿,1班,2.0,32,朱正威,创新港校区-5-2068,2,3-6,1-8,,,,,,,,,,,,,,,,,,,,,,,,,,,,,,,,,,,,,,,,,,,,,,,,
182132,公共政策与管理学院,定性与定量研究方法,1班,2.0,32,胡晗,创新港校区-5-2048,1,7-10,9-16,,,,,,,,,,,,,,,,,,,,,,,,,,,,,,,,,,,,,,,,,,,,,,,,
183010,公共政策与管理学院,Contemporary Chinese Government and Politics,1班,2.0,32,李清宏,创新港校区-5-2072,5,7-10,1-8,,,,,,,,,,,,,,,,,,,,,,,,,,,,,,,,,,,,,,,,,,,,,,,,
183011,公共政策与管理学院,Introduction to Quantitative Research Methods,1班,2.0,32,柳江华,创新港校区-5-2072,1,7-10,1-8,,,,,,,,,,,,,,,,,,,,,,,,,,,,,,,,,,,,,,,,,,,,,,,,
183013,公共政策与管理学院,Applied Statistics,1班,2.0,32,许永建,创新港校区-5-2018,4,3-6,9-16,,,,,,,,,,,,,,,,,,,,,,,,,,,,,,,,,,,,,,,,,,,,,,,,
183016,公共政策与管理学院,Human Ecology and Natural Resources Management,1班,2.0,32,MA JING,创新港校区-5-2029,2,3-4,9-16,创新港校区-5-2029,2,9-10,9-16,,,,,,,,,,,,,,,,,,,,,,,,,,,,,,,,,,,,,,,,,,,,
183020,公共政策与管理学院,风险治理前沿问题分析,1班,2.0,32,石佳,创新港校区-5-1007,3,7-10,1-8,,,,,,,,,,,,,,,,,,,,,,,,,,,,,,,,,,,,,,,,,,,,,,,,
183023,公共政策与管理学院,人口分析与公共政策,1班,2.0,32,悦中山,创新港校区-5-2033,4,3-6,9-16,,,,,,,,,,,,,,,,,,,,,,,,,,,,,,,,,,,,,,,,,,,,,,,,
183025,公共政策与管理学院,研究生论文写作指导（公管）,1班,1.0,16,石琛,创新港校区-5-5043,2,7-8,9-16,,,,,,,,,,,,,,,,,,,,,,,,,,,,,,,,,,,,,,,,,,,,,,,,
183026,公共政策与管理学院,Computational Social Science: An Introduction,1班,2.0,32,王洋,创新港校区-5-2048,5,3-6,1-8,,,,,,,,,,,,,,,,,,,,,,,,,,,,,,,,,,,,,,,,,,,,,,,,
183028,公共政策与管理学院,Emergency Management,1班,2.0,32,石佳,创新港校区-5-2046,3,5-6,9-16,创新港校区-5-2046,4,3-4,9-16,,,,,,,,,,,,,,,,,,,,,,,,,,,,,,,,,,,,,,,,,,,,
183029,公共政策与管理学院,可持续发展导论,1班,2.0,32,杜鸣溪,创新港校区-5-5045,1,3-4,9-16,创新港校区-5-5045,5,3-4,9-16,,,,,,,,,,,,,,,,,,,,,,,,,,,,,,,,,,,,,,,,,,,,
183031,公共政策与管理学院,中国土地制度改革与城乡发展,1班,2.0,32,杜金锋,创新港校区-5-2035,5,7-10,9-16,,,,,,,,,,,,,,,,,,,,,,,,,,,,,,,,,,,,,,,,,,,,,,,,
183033,公共政策与管理学院,循环与低碳发展的理论、政策与实践：中国与世界,1班,2.0,32,刘哲,创新港校区-5-2031,3,3-6,1-5,创新港校区-5-2031,3,7-10,6-8,,,,,,,,,,,,,,,,,,,,,,,,,,,,,,,,,,,,,,,,,,,,
183035,公共政策与管理学院,Social psychology in public administration,1班,2.0,32,卢丽,创新港校区-5-2072,5,3-6,9-16,,,,,,,,,,,,,,,,,,,,,,,,,,,,,,,,,,,,,,,,,,,,,,,,
183037,公共政策与管理学院,国家治理虚拟仿真实验,1班,1.0,16,王丽娜,创新港校区-5-2070,2,3-4,9-16,,,,,,,,,,,,,,,,,,,,,,,,,,,,,,,,,,,,,,,,,,,,,,,,
183038,公共政策与管理学院,社会计算与公共政策分析,1班,2.0,32,毕静煜,创新港校区-5-2066,2,3-6,1-8,,,,,,,,,,,,,,,,,,,,,,,,,,,,,,,,,,,,,,,,,,,,,,,,
183041,公共政策与管理学院,Design Thinking and Social Innovations in Public Health,1班,2.0,32,李春燕,创新港校区-5-2042,2,3-6,9-16,,,,,,,,,,,,,,,,,,,,,,,,,,,,,,,,,,,,,,,,,,,,,,,,
183042,公共政策与管理学院,区域发展政策与管理,1班,2.0,32,李佳霖,创新港校区-5-2042,2,3-6,1-8,,,,,,,,,,,,,,,,,,,,,,,,,,,,,,,,,,,,,,,,,,,,,,,,
192011,经济与金融学院,中级金融市场学,1班,2.0,32,郭品,创新港校区-5-7107,7,1-2,1-8,创新港校区-5-7107,7,7-8,1-8,,,,,,,,,,,,,,,,,,,,,,,,,,,,,,,,,,,,,,,,,,,,
192057,经济与金融学院,发展经济学专题,1班,2.0,32,聂鹏,创新港校区-5-5109,5,3-6,1-8,,,,,,,,,,,,,,,,,,,,,,,,,,,,,,,,,,,,,,,,,,,,,,,,
192069,经济与金融学院,电子商务与网络经济,1班,2.0,32,徐晓瑜,创新港校区-5-1007,2,3-6,1-8,,,,,,,,,,,,,,,,,,,,,,,,,,,,,,,,,,,,,,,,,,,,,,,,
192074,经济与金融学院,应用统计学,1班,2.0,32,赵春艳,创新港校区-5-7043,7,3-6,1-8,,,,,,,,,,,,,,,,,,,,,,,,,,,,,,,,,,,,,,,,,,,,,,,,
192235,经济与金融学院,金融理论与货币政策,1班,2.0,32,张昭,创新港校区-5-6045,5,3-6,9-16,,,,,,,,,,,,,,,,,,,,,,,,,,,,,,,,,,,,,,,,,,,,,,,,
192238,经济与金融学院,公司金融与案例分析,1班,2.0,32,薛宏刚,创新港校区-5-7107,2,3-6,9-16,,,,,,,,,,,,,,,,,,,,,,,,,,,,,,,,,,,,,,,,,,,,,,,,
192254,经济与金融学院,国际贸易政策与战略,1班,2.0,32,陈绍俭,创新港校区-5-7045,6,3-6,1-4,创新港校区-5-7045,6,7-10,5-8,,,,,,,,,,,,,,,,,,,,,,,,,,,,,,,,,,,,,,,,,,,,
192255,经济与金融学院,国际市场营销（校企）（混合）,1班,2.0,32,赵锴,创新港校区-5-5043,4,7-8,9-16,创新港校区-5-5043,5,7-8,9-16,,,,,,,,,,,,,,,,,,,,,,,,,,,,,,,,,,,,,,,,,,,,
192263,经济与金融学院,城市经济与规划,1班,1.0,16,袁晓玲,创新港校区-5-7043,5,3-6,1-4,,,,,,,,,,,,,,,,,,,,,,,,,,,,,,,,,,,,,,,,,,,,,,,,
192267,经济与金融学院,中国税制与税法,1班,2.0,32,程可为,创新港校区-5-1007,5,3-6,1-8,,,,,,,,,,,,,,,,,,,,,,,,,,,,,,,,,,,,,,,,,,,,,,,,
192270,经济与金融学院,国际税收专题,1班,2.0,32,冯晨,创新港校区-5-2001,2,3-6,1-4,创新港校区-5-2106,7,3-6,5-8,,,,,,,,,,,,,,,,,,,,,,,,,,,,,,,,,,,,,,,,,,,,
192278,经济与金融学院,政府预算专题,1班,1.0,16,宋丽颖,创新港校区-5-5109,7,3-6,1-4,,,,,,,,,,,,,,,,,,,,,,,,,,,,,,,,,,,,,,,,,,,,,,,,
192300,经济与金融学院,宏观经济理论与政策,1班,2.0,32,魏玮,创新港校区-5-6045,4,3-6,9-16,,,,,,,,,,,,,,,,,,,,,,,,,,,,,,,,,,,,,,,,,,,,,,,,
192309,经济与金融学院,现代物流与供应链管理,1班,1.0,16,周博,创新港校区-5-7109,5,3-6,9-12,,,,,,,,,,,,,,,,,,,,,,,,,,,,,,,,,,,,,,,,,,,,,,,,
192313,经济与金融学院,公司价值评估方法与应用,1班,1.0,16,李世英,创新港校区-5-2106,4,3-6,1-4,,,,,,,,,,,,,,,,,,,,,,,,,,,,,,,,,,,,,,,,,,,,,,,,
192315,经济与金融学院,公司治理理论与实务,1班,2.0,32,宋林,创新港校区-5-2001,3,1-2,9-16,创新港校区-5-2001,4,1-2,9-16,,,,,,,,,,,,,,,,,,,,,,,,,,,,,,,,,,,,,,,,,,,,
192322,经济与金融学院,产业组织理论与实践,1班,3.0,32,温军,创新港校区-5-7109,2,3-6,1-8,,,,,,,,,,,,,,,,,,,,,,,,,,,,,,,,,,,,,,,,,,,,,,,,
192324,经济与金融学院,现代公司投融资理论与实务,1班,1.0,16,亢延锟,创新港校区-5-2106,4,3-6,9-12,,,,,,,,,,,,,,,,,,,,,,,,,,,,,,,,,,,,,,,,,,,,,,,,
192325,经济与金融学院,现代企业管理理论与方法,1班,2.0,32,高宇,创新港校区-5-2106,2,1-2,1-8,创新港校区-5-2106,2,5-6,1-8,,,,,,,,,,,,,,,,,,,,,,,,,,,,,,,,,,,,,,,,,,,,
192328,经济与金融学院,公共经济学（2）,1班,2.0,32,宋丽颖,创新港校区-5-6045,6,3-6,1-8,,,,,,,,,,,,,,,,,,,,,,,,,,,,,,,,,,,,,,,,,,,,,,,,
192333,经济与金融学院,中级金融学,1班,2.0,32,侯晓辉,创新港校区-5-2027,4,3-6,9-16,,,,,,,,,,,,,,,,,,,,,,,,,,,,,,,,,,,,,,,,,,,,,,,,
192352,经济与金融学院,微宏观经济理论与应用,1班,3.0,48,闫大卫,创新港校区-5-7045,7,7-10,1-12,,,,,,,,,,,,,,,,,,,,,,,,,,,,,,,,,,,,,,,,,,,,,,,,
192366,经济与金融学院,纳税评估与风险防范（校企）,1班,2.0,32,姚公安,创新港校区-5-7107,5,3-6,9-16,,,,,,,,,,,,,,,,,,,,,,,,,,,,,,,,,,,,,,,,,,,,,,,,
192368,经济与金融学院,金融统计学,1班,2.0,32,惠永昌,创新港校区-5-7043,4,7-10,1-8,,,,,,,,,,,,,,,,,,,,,,,,,,,,,,,,,,,,,,,,,,,,,,,,
192371,经济与金融学院,纳税服务与税务稽查,1班,2.0,32,苏代钰,创新港校区-5-7045,5,7-10,1-8,,,,,,,,,,,,,,,,,,,,,,,,,,,,,,,,,,,,,,,,,,,,,,,,
192373,经济与金融学院,财务管理理论与实务,1班,2.0,32,李彬,创新港校区-5-7109,4,7-10,1-8,,,,,,,,,,,,,,,,,,,,,,,,,,,,,,,,,,,,,,,,,,,,,,,,
192375,经济与金融学院,高维经济数据分析,1班,2.0,32,严明义,创新港校区-5-7045,2,1-2,9-16,创新港校区-5-7045,2,5-6,9-16,,,,,,,,,,,,,,,,,,,,,,,,,,,,,,,,,,,,,,,,,,,,
192376,经济与金融学院,高级微观经济学Ⅰ,1班,4.0,64,戴小勇,创新港校区-5-7043,2,3-6,1-16,,,,,,,,,,,,,,,,,,,,,,,,,,,,,,,,,,,,,,,,,,,,,,,,
192377,经济与金融学院,高级宏观经济学Ⅰ,1班,4.0,64,魏玮,创新港校区-5-7107,5,1-2,8-16,创新港校区-5-7107,5,7-8,8-16,创新港校区-5-7107,6,3-6,1-7,,,,,,,,,,,,,,,,,,,,,,,,,,,,,,,,,,,,,,,,
193004,经济与金融学院,金融工程,1班,2.0,32,董志龙,创新港校区-5-7109,2,3-6,9-16,,,,,,,,,,,,,,,,,,,,,,,,,,,,,,,,,,,,,,,,,,,,,,,,
193008,经济与金融学院,Research Methodology of Economics,2026留学生硕博班,3.0,48,李双燕,创新港校区-5-3109,1,3-6,5-10,创新港校区-5-6108,1,3-6,11-16,,,,,,,,,,,,,,,,,,,,,,,,,,,,,,,,,,,,,,,,,,,,
193009,经济与金融学院,Macroeconomics: Theory and Policy,2026留学生硕博班,3.0,48,杨少华,创新港校区-5-4045,4,9-11,1-16,,,,,,,,,,,,,,,,,,,,,,,,,,,,,,,,,,,,,,,,,,,,,,,,
193010,经济与金融学院,Microeconomic Theory and Application,2026留学生硕博班,3.0,48,徐丽华,创新港校区-5-5109,2,2-4,1-8,创新港校区-5-5109,4,2-4,1-8,,,,,,,,,,,,,,,,,,,,,,,,,,,,,,,,,,,,,,,,,,,,
193014,经济与金融学院,大数据：统计理论、方法与应用（校企）,1班,2.0,32,江河,创新港校区-5-6106,4,3-6,1-8,,,,,,,,,,,,,,,,,,,,,,,,,,,,,,,,,,,,,,,,,,,,,,,,
193019,经济与金融学院,商务数据统计分析,1班,2.0,32,张飞鹏,创新港校区-5-7045,5,3-6,1-8,,,,,,,,,,,,,,,,,,,,,,,,,,,,,,,,,,,,,,,,,,,,,,,,
193022,经济与金融学院,高维数据统计与推断,1班,2.0,32,江河,创新港校区-5-7109,4,3-6,9-16,,,,,,,,,,,,,,,,,,,,,,,,,,,,,,,,,,,,,,,,,,,,,,,,
193023,经济与金融学院,Econometrics1,2026留学生硕博班,3.0,48,徐凤敏,创新港校区-5-7045,3,2-7,1-8,,,,,,,,,,,,,,,,,,,,,,,,,,,,,,,,,,,,,,,,,,,,,,,,
193024,经济与金融学院,Advanced Microeconomics I,2026留学生硕博班,3.0,48,罗添元,创新港校区-5-3109,5,2-4,9-16,创新港校区-5-3109,5,6-8,9-16,,,,,,,,,,,,,,,,,,,,,,,,,,,,,,,,,,,,,,,,,,,,
193028,经济与金融学院,International Financial Markets and Trading Strategies,2026留学生硕博班,2.0,32,温军,创新港校区-5-6045,1,3-6,9-16,,,,,,,,,,,,,,,,,,,,,,,,,,,,,,,,,,,,,,,,,,,,,,,,
193029,经济与金融学院,经济思想史,1班,2.0,40,刘航,创新港校区-5-7107,7,3-6,1-10,,,,,,,,,,,,,,,,,,,,,,,,,,,,,,,,,,,,,,,,,,,,,,,,
193031,经济与金融学院,金融衍生品定价及投资管理（校企）,1班,2.0,32,马贵元,创新港校区-5-7109,4,3-6,1-8,,,,,,,,,,,,,,,,,,,,,,,,,,,,,,,,,,,,,,,,,,,,,,,,
193032,经济与金融学院,区块链金融（校企）,1班,2.0,32,张慧明,创新港校区-5-6045,5,3-6,1-8,,,,,,,,,,,,,,,,,,,,,,,,,,,,,,,,,,,,,,,,,,,,,,,,
193044,经济与金融学院,现代经济学前沿,1班,2.0,32,罗添元,创新港校区-5-7107,4,3-6,9-16,,,,,,,,,,,,,,,,,,,,,,,,,,,,,,,,,,,,,,,,,,,,,,,,
193045,经济与金融学院,数字金融理论与实务（校企）,1班,2.0,32,程茂勇,创新港校区-5-6108,2,3-6,1-8,,,,,,,,,,,,,,,,,,,,,,,,,,,,,,,,,,,,,,,,,,,,,,,,
193046,经济与金融学院,量化投资与资产配置,1班,2.0,32,葛瑶,创新港校区-5-6108,5,3-6,1-8,,,,,,,,,,,,,,,,,,,,,,,,,,,,,,,,,,,,,,,,,,,,,,,,
193050,经济与金融学院,经济学中的启发式方法,1班,2.0,32,董志龙,创新港校区-5-3107,5,3-6,9-16,,,,,,,,,,,,,,,,,,,,,,,,,,,,,,,,,,,,,,,,,,,,,,,,
193054,经济与金融学院,数字经济学概论,1班,2.0,32,郭磊,创新港校区-5-2001,6,3-6,1-8,,,,,,,,,,,,,,,,,,,,,,,,,,,,,,,,,,,,,,,,,,,,,,,,
193058,经济与金融学院,数字经济发展与治理,1班,2.0,32,谢煜,创新港校区-5-2001,4,3-6,9-16,,,,,,,,,,,,,,,,,,,,,,,,,,,,,,,,,,,,,,,,,,,,,,,,
212005,金禾经济研究中心,高级宏观经济学（1）,2026级硕博,4.0,64,胡春田,创新港校区-5-5043,4,3-4,1-8,创新港校区-5-5043,4,3-6,9-16,创新港校区-5-5043,4,7-8,1-8,,,,,,,,,,,,,,,,,,,,,,,,,,,,,,,,,,,,,,,,
212009,金禾经济研究中心,Econometrics （I）,2026级硕博,4.0,64,曾卫红,创新港校区-5-5043,2,3-4,1-8,创新港校区-5-5045,2,3-4,9-10,创新港校区-5-5043,2,7-8,1-8,创新港校区-5-5045,2,7-8,9-10,创新港校区-5-4045,2,7-8,11-13,创新港校区-5-4045,3,5-7,11-13,创新港校区-5-4045,5,5-7,11-13,,,,,,,,,,,,,,,,,,,,,,,,
212018,金禾经济研究中心,高级微观经济学（1）,2026级硕博,4.0,64,周翔翼,创新港校区-5-6045,3,3-4,1-8,创新港校区-5-5043,3,3-4,9-16,创新港校区-5-6045,3,7-8,1-8,创新港校区-5-5043,5,3-4,9-16,,,,,,,,,,,,,,,,,,,,,,,,,,,,,,,,,,,,
212032,金禾经济研究中心,资源与环境经济学,2025级硕博,2.0,32,易兰,创新港校区-5-6045,1,3-6,5-8,创新港校区-5-5045,4,3-6,1-4,,,,,,,,,,,,,,,,,,,,,,,,,,,,,,,,,,,,,,,,,,,,
212033,金禾经济研究中心,国际金融学,2025级硕博,2.0,32,胡春田,创新港校区-5-5045,2,3-6,1-8,,,,,,,,,,,,,,,,,,,,,,,,,,,,,,,,,,,,,,,,,,,,,,,,
212034,金禾经济研究中心,金融学,2025级硕博,2.0,32,张国平,创新港校区-5-5043,6,3-6,1-8,,,,,,,,,,,,,,,,,,,,,,,,,,,,,,,,,,,,,,,,,,,,,,,,
212038,金禾经济研究中心,经济学模型应用,2026级硕博,2.0,32,郭誉森,创新港校区-5-5045,1,2-4,1-8,创新港校区-5-4045,3,5-7,9-10,创新港校区-5-5045,5,5-6,8-8,,,,,,,,,,,,,,,,,,,,,,,,,,,,,,,,,,,,,,,,
213003,金禾经济研究中心,New Institutional Economics,2025级硕博,2.0,32,张一,创新港校区-5-5045,7,3-6,1-8,,,,,,,,,,,,,,,,,,,,,,,,,,,,,,,,,,,,,,,,,,,,,,,,
213012,金禾经济研究中心,研究生论文写作指导（金禾）,2026级硕博,1.0,16,易兰,创新港校区-5-5043,5,3-6,1-4,,,,,,,,,,,,,,,,,,,,,,,,,,,,,,,,,,,,,,,,,,,,,,,,
222088,人居环境与建筑工程学院,建筑能源系统,1班,2.0,32,徐晗,创新港校区-19-3107,2,5-6,9-16,创新港校区-19-3107,3,3-4,9-16,,,,,,,,,,,,,,,,,,,,,,,,,,,,,,,,,,,,,,,,,,,,
222089,人居环境与建筑工程学院,工程项目管理（校企）,1班,2.0,32,张玲玲,创新港校区-19-3105,3,3-4,9-16,创新港校区-19-3105,3,9-10,9-16,,,,,,,,,,,,,,,,,,,,,,,,,,,,,,,,,,,,,,,,,,,,
222090,人居环境与建筑工程学院,制冷空调应用新技术,1班,2.0,32,王沣浩,创新港校区-19-5111,3,3-4,1-8,创新港校区-19-5111,3,9-10,1-8,,,,,,,,,,,,,,,,,,,,,,,,,,,,,,,,,,,,,,,,,,,,
222097,人居环境与建筑工程学院,太阳能在建筑中的应用,1班,2.0,32,张联英,创新港校区-5-2027,5,3-4,1-8,创新港校区-5-2027,5,7-8,1-8,,,,,,,,,,,,,,,,,,,,,,,,,,,,,,,,,,,,,,,,,,,,
222102,人居环境与建筑工程学院,城镇生态可持续发展与规划实践（实践）,1班,2.0,32,王非,创新港校区-3-3011,4,5-8,1-8,,,,,,,,,,,,,,,,,,,,,,,,,,,,,,,,,,,,,,,,,,,,,,,,
222103,人居环境与建筑工程学院,建筑气候与设计（校企）（实践）,1班,2.0,32,王赞社,创新港校区-5-1007,4,1-4,9-16,,,,,,,,,,,,,,,,,,,,,,,,,,,,,,,,,,,,,,,,,,,,,,,,
222113,人居环境与建筑工程学院,环境过程多相流动与扩散,1班,2.0,32,张云伟,创新港校区-19-2094,6,3-6,1-8,,,,,,,,,,,,,,,,,,,,,,,,,,,,,,,,,,,,,,,,,,,,,,,,
222115,人居环境与建筑工程学院,全球气候变化概论,1班,2.0,40,程海,创新港校区-20-4100,1,3-4,1-8,创新港校区-20-4100,2,1-2,1-4,创新港校区-20-4100,5,3-4,1-8,,,,,,,,,,,,,,,,,,,,,,,,,,,,,,,,,,,,,,,,
222131,人居环境与建筑工程学院,人居环境科学前沿,1班,2.0,32,顾兆林,创新港校区-19-4110,2,3-6,9-16,,,,,,,,,,,,,,,,,,,,,,,,,,,,,,,,,,,,,,,,,,,,,,,,
222132,人居环境与建筑工程学院,全球变化研究方法,1班,2.0,32,蔡演军,创新港校区-19-5111,2,7-9,9-13,创新港校区-19-5111,2,7-8,14-14,创新港校区-19-5111,5,7-9,9-13,,,,,,,,,,,,,,,,,,,,,,,,,,,,,,,,,,,,,,,,
222133,人居环境与建筑工程学院,暖通空调能源利用理论与技术（校企）,1班,2.0,32,孙艳军,创新港校区-5-7109,5,5-6,1-8,创新港校区-5-7109,5,9-10,1-8,,,,,,,,,,,,,,,,,,,,,,,,,,,,,,,,,,,,,,,,,,,,
222134,人居环境与建筑工程学院,同位素地球化学,1班,2.0,32,张海伟,创新港校区-19-2092,4,7-10,9-16,,,,,,,,,,,,,,,,,,,,,,,,,,,,,,,,,,,,,,,,,,,,,,,,
222137,人居环境与建筑工程学院,环境地学,1班,2.0,32,郭伟,创新港校区-19-4110,5,1-2,1-8,创新港校区-19-4110,5,5-6,1-8,,,,,,,,,,,,,,,,,,,,,,,,,,,,,,,,,,,,,,,,,,,,
222139,人居环境与建筑工程学院,建筑热工与环境测试技术,1班,2.0,32,金立文,创新港校区-5-5045,5,5-8,9-16,,,,,,,,,,,,,,,,,,,,,,,,,,,,,,,,,,,,,,,,,,,,,,,,
222141,人居环境与建筑工程学院,高等建筑环境学,1班,2.0,32,王新轲,创新港校区-19-2092,4,3-6,9-16,,,,,,,,,,,,,,,,,,,,,,,,,,,,,,,,,,,,,,,,,,,,,,,,
222143,人居环境与建筑工程学院,高等结构动力学,1班,2.0,32,马建勋,创新港校区-19-2092,7,7-10,1-8,,,,,,,,,,,,,,,,,,,,,,,,,,,,,,,,,,,,,,,,,,,,,,,,
222144,人居环境与建筑工程学院,建筑计划与设计方法,1班,2.0,32,周典,创新港校区-5-5109,1,2-4,1-10,创新港校区-5-5109,1,2-3,11-11,,,,,,,,,,,,,,,,,,,,,,,,,,,,,,,,,,,,,,,,,,,,
223016,人居环境与建筑工程学院,建筑设计与人居建成环境（校企）（实践）,1班,2.0,32,齐应涛,创新港校区-3-3011,3,1-4,1-8,,,,,,,,,,,,,,,,,,,,,,,,,,,,,,,,,,,,,,,,,,,,,,,,
223040,人居环境与建筑工程学院,研究生论文写作指导（人居建筑学）,1班,1.0,16,孙露,创新港校区-5-4108,5,1-4,13-16,,,,,,,,,,,,,,,,,,,,,,,,,,,,,,,,,,,,,,,,,,,,,,,,
223048,人居环境与建筑工程学院,水处理过程化学（校企）,1班,2.0,32,金鹏康,创新港校区-19-4110,2,1-2,9-16,创新港校区-19-4110,4,5-6,9-16,,,,,,,,,,,,,,,,,,,,,,,,,,,,,,,,,,,,,,,,,,,,
223053,人居环境与建筑工程学院,建筑能耗分析中的数据挖掘与机器学习技术（校企））,1班,2.0,32,王新轲,创新港校区-19-2094,4,3-6,1-8,,,,,,,,,,,,,,,,,,,,,,,,,,,,,,,,,,,,,,,,,,,,,,,,
223054,人居环境与建筑工程学院,地下工程与隧道（校企）,1班,2.0,32,张敬华,创新港校区-5-2060,4,3-4,1-8,创新港校区-5-2060,4,7-8,1-8,,,,,,,,,,,,,,,,,,,,,,,,,,,,,,,,,,,,,,,,,,,,
223057,人居环境与建筑工程学院,岩土工程安全与风险分析,1班,2.0,32,赵腾远,创新港校区-19-3105,4,1-2,9-16,创新港校区-19-3105,4,5-6,9-16,,,,,,,,,,,,,,,,,,,,,,,,,,,,,,,,,,,,,,,,,,,,
223058,人居环境与建筑工程学院,环境岩土工程,1班,2.0,32,许领,创新港校区-19-3110,2,1-2,9-16,创新港校区-19-3110,2,5-6,9-16,,,,,,,,,,,,,,,,,,,,,,,,,,,,,,,,,,,,,,,,,,,,
223062,人居环境与建筑工程学院,Environmental Application of Nano Materials,1班,2.0,32,陈美娟,创新港校区-19-2094,5,3-6,9-16,,,,,,,,,,,,,,,,,,,,,,,,,,,,,,,,,,,,,,,,,,,,,,,,
223063,人居环境与建筑工程学院,环境分析原理与方法,1班,2.0,32,陈美娟,创新港校区-19-2092,4,7-10,1-8,,,,,,,,,,,,,,,,,,,,,,,,,,,,,,,,,,,,,,,,,,,,,,,,
223065,人居环境与建筑工程学院,研究生论文写作指导（人居）,1班,1.0,16,王剑云,创新港校区-19-5111,2,3-4,1-4,创新港校区-19-5111,2,7-8,1-4,,,,,,,,,,,,,,,,,,,,,,,,,,,,,,,,,,,,,,,,,,,,
223065,人居环境与建筑工程学院,研究生论文写作指导（人居）,2班,1.0,16,王剑云,创新港校区-19-5111,5,3-4,1-4,创新港校区-19-5111,5,7-8,1-4,,,,,,,,,,,,,,,,,,,,,,,,,,,,,,,,,,,,,,,,,,,,
223065,人居环境与建筑工程学院,研究生论文写作指导（人居）,3班,1.0,16,王剑云,创新港校区-19-3110,6,3-6,9-12,,,,,,,,,,,,,,,,,,,,,,,,,,,,,,,,,,,,,,,,,,,,,,,,
223072,人居环境与建筑工程学院,生态建设中的双碳理论与技术,1班,2.0,32,邱临静,创新港校区-19-2094,2,7-10,1-8,,,,,,,,,,,,,,,,,,,,,,,,,,,,,,,,,,,,,,,,,,,,,,,,
223074,人居环境与建筑工程学院,水中污染物的物化分离与化学转化原理,1班,2.0,32,金鹏康,创新港校区-19-3110,1,3-4,9-16,创新港校区-19-3110,3,3-4,9-16,,,,,,,,,,,,,,,,,,,,,,,,,,,,,,,,,,,,,,,,,,,,
223079,人居环境与建筑工程学院,学术素养与科研能力,1班,2.0,36,许领,创新港校区-5-1W103,6,7-9,1-8,创新港校区-5-1W101,6,7-9,9-12,,,,,,,,,,,,,,,,,,,,,,,,,,,,,,,,,,,,,,,,,,,,
223080,人居环境与建筑工程学院,岩土工程多尺度模拟理论与方法,1班,2.0,32,陆世锋,创新港校区-19-2092,1,1-2,9-16,创新港校区-19-2092,1,9-10,9-16,,,,,,,,,,,,,,,,,,,,,,,,,,,,,,,,,,,,,,,,,,,,
223081,人居环境与建筑工程学院,环境遥感（实践）,1班,2.0,32,许威,创新港校区-19-5111,3,9-10,9-16,创新港校区-19-5111,4,3-4,9-16,,,,,,,,,,,,,,,,,,,,,,,,,,,,,,,,,,,,,,,,,,,,
223085,人居环境与建筑工程学院,资源与环境大数据分析（实践）,1班,2.0,32,孙长峰,创新港校区-19-3110,5,7-10,1-8,,,,,,,,,,,,,,,,,,,,,,,,,,,,,,,,,,,,,,,,,,,,,,,,
223088,人居环境与建筑工程学院,气候变迁与人类文明,1班,2.0,32,李强,创新港校区-19-3110,3,3-4,1-8,创新港校区-19-3110,3,9-10,1-8,,,,,,,,,,,,,,,,,,,,,,,,,,,,,,,,,,,,,,,,,,,,
223091,人居环境与建筑工程学院,特种废水智能处理技术,1班,2.0,32,石烜,创新港校区-19-5111,1,9-10,1-4,创新港校区-19-5111,1,9-10,6-8,创新港校区-19-5111,2,5-6,1-4,创新港校区-19-5111,2,5-6,6-8,,,,,,,,,,,,,,,,,,,,,,,,,,,,,,,,,,,,
242210,法学院,宪法理论与实务,1班,2.0,32,彭何利,创新港校区-5-2089,3,3-4,9-16,创新港校区-5-2089,3,7-8,9-16,,,,,,,,,,,,,,,,,,,,,,,,,,,,,,,,,,,,,,,,,,,,
242213,法学院,刑事诉讼法理论与实务,1班,2.0,32,唐学亮,创新港校区-5-2008,2,1-2,1-8,创新港校区-5-2008,2,5-6,1-8,,,,,,,,,,,,,,,,,,,,,,,,,,,,,,,,,,,,,,,,,,,,
242214,法学院,民事诉讼法理论与实务,1班,2.0,32,张维,创新港校区-5-2068,1,3-6,1-8,,,,,,,,,,,,,,,,,,,,,,,,,,,,,,,,,,,,,,,,,,,,,,,,
242215,法学院,行政法与行政诉讼法理论与实务,1班,2.0,32,王新雷,创新港校区-5-2008,2,3-4,1-8,创新港校区-5-2008,2,7-8,1-8,,,,,,,,,,,,,,,,,,,,,,,,,,,,,,,,,,,,,,,,,,,,
242217,法学院,国际法理论与实务,1班,2.0,32,李万强,创新港校区-5-2012,5,3-6,9-16,,,,,,,,,,,,,,,,,,,,,,,,,,,,,,,,,,,,,,,,,,,,,,,,
242225,法学院,法律伦理与方法,1班,2.0,32,杜军强,创新港校区-5-4045,4,3-4,1-8,创新港校区-5-4045,4,7-8,1-8,,,,,,,,,,,,,,,,,,,,,,,,,,,,,,,,,,,,,,,,,,,,
242226,法学院,刑法学专题研究,1班,2.0,32,李琳,创新港校区-5-2001,1,3-4,9-16,创新港校区-5-2001,1,9-10,9-16,,,,,,,,,,,,,,,,,,,,,,,,,,,,,,,,,,,,,,,,,,,,
242230,法学院,法律伦理与方法专题研究,1班,2.0,32,杜军强,创新港校区-5-2027,4,1-2,1-8,创新港校区-5-2027,4,5-6,1-8,,,,,,,,,,,,,,,,,,,,,,,,,,,,,,,,,,,,,,,,,,,,
242255,法学院,法学研究方法,1班,1.0,16,张紫薇,创新港校区-5-5109,5,3-4,9-12,创新港校区-5-5109,5,7-8,9-12,,,,,,,,,,,,,,,,,,,,,,,,,,,,,,,,,,,,,,,,,,,,
242275,法学院,Chinese Intellectual Property Law,1班,2.0,32,李晓鸣,创新港校区-5-2010,2,1-2,9-16,创新港校区-5-2010,2,5-6,9-16,,,,,,,,,,,,,,,,,,,,,,,,,,,,,,,,,,,,,,,,,,,,
242279,法学院,Private International Law,1班,2.0,32,郭剑萍,创新港校区-5-3109,5,3-4,1-8,创新港校区-5-3109,5,7-8,1-8,,,,,,,,,,,,,,,,,,,,,,,,,,,,,,,,,,,,,,,,,,,,
242283,法学院,公法学前沿,1班,2.0,32,唐学亮,创新港校区-5-2060,1,1-2,1-8,创新港校区-5-2060,1,5-6,1-8,,,,,,,,,,,,,,,,,,,,,,,,,,,,,,,,,,,,,,,,,,,,
242284,法学院,私法学前沿,1班,2.0,32,吴国喆,创新港校区-5-2033,4,3-4,1-8,创新港校区-5-2033,4,7-8,1-8,,,,,,,,,,,,,,,,,,,,,,,,,,,,,,,,,,,,,,,,,,,,
242289,法学院,法理学,1班,2.0,32,丁卫,创新港校区-5-2014,4,1-2,1-8,创新港校区-5-2014,4,5-6,1-8,,,,,,,,,,,,,,,,,,,,,,,,,,,,,,,,,,,,,,,,,,,,
242290,法学院,民法理论与实务（混合）,1班,2.0,32,薛华,创新港校区-5-2010,5,3-6,1-8,,,,,,,,,,,,,,,,,,,,,,,,,,,,,,,,,,,,,,,,,,,,,,,,
242291,法学院,经济法理论与实务,1班,2.0,32,冯宪芬,创新港校区-5-2068,1,3-4,9-16,创新港校区-5-2068,1,7-8,9-16,,,,,,,,,,,,,,,,,,,,,,,,,,,,,,,,,,,,,,,,,,,,
242294,法学院,刑法理论与实务,1班,2.0,32,李琳,创新港校区-5-4045,3,3-4,1-8,创新港校区-5-4045,3,9-10,1-8,,,,,,,,,,,,,,,,,,,,,,,,,,,,,,,,,,,,,,,,,,,,
243013,法学院,Chinese Judicial System and Judicial Reform,1班,2.0,32,彭何利,创新港校区-5-2027,6,3-6,6-13,,,,,,,,,,,,,,,,,,,,,,,,,,,,,,,,,,,,,,,,,,,,,,,,
243014,法学院,Chinese Commercial Law and Economic Law,1班,2.0,32,吴锐,创新港校区-5-2010,4,3-4,9-16,创新港校区-5-2010,4,7-8,9-16,,,,,,,,,,,,,,,,,,,,,,,,,,,,,,,,,,,,,,,,,,,,
243020,法学院,Legal Research on Current Issues of Cultural Heritage Law,1班,2.0,32,刘丽娜,创新港校区-5-2018,5,1-2,9-16,创新港校区-5-2018,5,5-6,9-16,,,,,,,,,,,,,,,,,,,,,,,,,,,,,,,,,,,,,,,,,,,,
243021,法学院,International Commercial Arbitration law,1班,2.0,32,谷婀娜,创新港校区-5-2097,3,3-4,9-16,创新港校区-5-2097,3,7-8,9-16,,,,,,,,,,,,,,,,,,,,,,,,,,,,,,,,,,,,,,,,,,,,
243022,法学院,Frontiers of International Economic Law,1班,2.0,32,冯雪,创新港校区-5-2064,4,3-6,9-16,,,,,,,,,,,,,,,,,,,,,,,,,,,,,,,,,,,,,,,,,,,,,,,,
243023,法学院,研究生论文写作指导（法学）,1班,1.0,16,李万强,创新港校区-5-2001,3,3-4,2-7,创新港校区-5-2006,4,1-2,9-9,创新港校区-5-2001,4,9-10,1-1,,,,,,,,,,,,,,,,,,,,,,,,,,,,,,,,,,,,,,,,
243025,法学院,Frontiers of Public International Law,1班,2.0,32,Diego German Mejía Lemos,创新港校区-5-2070,4,1-2,9-16,创新港校区-5-2070,4,5-6,9-16,,,,,,,,,,,,,,,,,,,,,,,,,,,,,,,,,,,,,,,,,,,,
243029,法学院,Principles of Public International Law,1班,2.0,32,Diego German Mejía Lemos,创新港校区-5-2060,1,3-4,9-16,创新港校区-5-2060,1,7-8,9-16,,,,,,,,,,,,,,,,,,,,,,,,,,,,,,,,,,,,,,,,,,,,
243031,法学院,国际环境法专题研究,1班,2.0,32,刘志仁,创新港校区-5-1007,4,3-4,1-8,创新港校区-5-1007,4,7-8,1-8,,,,,,,,,,,,,,,,,,,,,,,,,,,,,,,,,,,,,,,,,,,,
243033,法学院,习近平法治思想专题研究,1班,2.0,32,王保民,创新港校区-5-2025,3,1-2,9-16,创新港校区-5-2025,3,5-6,9-16,,,,,,,,,,,,,,,,,,,,,,,,,,,,,,,,,,,,,,,,,,,,
243034,法学院,世界政治与经济,1班,2.0,32,张紫薇,创新港校区-5-2068,4,3-4,9-16,创新港校区-5-2068,4,7-8,9-16,,,,,,,,,,,,,,,,,,,,,,,,,,,,,,,,,,,,,,,,,,,,
243035,法学院,Legal English,1班,2.0,32,权彦敏,创新港校区-5-4045,1,3-6,1-8,,,,,,,,,,,,,,,,,,,,,,,,,,,,,,,,,,,,,,,,,,,,,,,,
243036,法学院,国际法与当代中国,1班,2.0,32,郭剑萍,创新港校区-5-2066,4,1-2,1-8,创新港校区-5-2066,4,5-6,1-8,,,,,,,,,,,,,,,,,,,,,,,,,,,,,,,,,,,,,,,,,,,,
243038,法学院,国际经贸案例研究,1班,2.0,32,冯雪,创新港校区-5-6108,1,3-6,1-8,,,,,,,,,,,,,,,,,,,,,,,,,,,,,,,,,,,,,,,,,,,,,,,,
243048,法学院,比较经济法,1班,2.0,32,苟学珍,创新港校区-5-6108,3,3-6,1-8,,,,,,,,,,,,,,,,,,,,,,,,,,,,,,,,,,,,,,,,,,,,,,,,
243051,法学院,合同法,1班,2.0,32,曹晓路,创新港校区-5-2062,2,3-4,1-8,创新港校区-5-2062,2,7-8,1-8,,,,,,,,,,,,,,,,,,,,,,,,,,,,,,,,,,,,,,,,,,,,
243053,法学院,国际仲裁规则（校企）（实践）,1班,2.0,32,王朝恩,创新港校区-5-2033,5,3-6,1-8,,,,,,,,,,,,,,,,,,,,,,,,,,,,,,,,,,,,,,,,,,,,,,,,
243055,法学院,法律写作、检索与谈判,1班,2.0,32,焦和平,创新港校区-5-3107,2,1-2,9-16,创新港校区-5-3107,2,5-6,9-16,,,,,,,,,,,,,,,,,,,,,,,,,,,,,,,,,,,,,,,,,,,,
243058,法学院,Frontiers of Private international Law,1班,2.0,32,刘桂强,创新港校区-5-2033,4,1-2,1-8,创新港校区-5-2033,4,5-6,1-8,,,,,,,,,,,,,,,,,,,,,,,,,,,,,,,,,,,,,,,,,,,,
243059,法学院,International Entertainment Law,1班,2.0,32,孙那,创新港校区-5-5109,2,3-4,9-16,创新港校区-5-5109,2,7-8,9-16,,,,,,,,,,,,,,,,,,,,,,,,,,,,,,,,,,,,,,,,,,,,
243060,法学院,"International Environmental, Natural Resources and Energy Law",1班,2.0,32,李帆,创新港校区-5-2062,1,3-6,9-16,,,,,,,,,,,,,,,,,,,,,,,,,,,,,,,,,,,,,,,,,,,,,,,,
243061,法学院,法律人工智能导论,1班,3.0,48,刘东亮,创新港校区-5-6045,5,7-10,1-12,,,,,,,,,,,,,,,,,,,,,,,,,,,,,,,,,,,,,,,,,,,,,,,,
271001,国际教育学院,Comprehensive Chinese（二）,1班,2.0,32,马静颖,创新港校区-5-3109,3,5-8,9-16,,,,,,,,,,,,,,,,,,,,,,,,,,,,,,,,,,,,,,,,,,,,,,,,
271001,国际教育学院,Comprehensive Chinese（二）,2班,2.0,32,张爱珍,创新港校区-5-6108,3,5-8,9-16,,,,,,,,,,,,,,,,,,,,,,,,,,,,,,,,,,,,,,,,,,,,,,,,
271001,国际教育学院,Comprehensive Chinese（二）,3班,2.0,32,裴艳荣,创新港校区-5-3109,4,5-8,9-16,,,,,,,,,,,,,,,,,,,,,,,,,,,,,,,,,,,,,,,,,,,,,,,,
271001,国际教育学院,Comprehensive Chinese（二）,4班,2.0,32,杨杨,兴庆校区-中2-2241,3,5-8,9-16,,,,,,,,,,,,,,,,,,,,,,,,,,,,,,,,,,,,,,,,,,,,,,,,
272004,国际教育学院,Comprehensive Chinese（一）,1班,2.0,32,赵凌霄,创新港校区-5-4106,3,5-8,9-16,,,,,,,,,,,,,,,,,,,,,,,,,,,,,,,,,,,,,,,,,,,,,,,,
272004,国际教育学院,Comprehensive Chinese（一）,2班,2.0,32,邬文钰,创新港校区-5-2001,2,5-8,9-16,,,,,,,,,,,,,,,,,,,,,,,,,,,,,,,,,,,,,,,,,,,,,,,,
272004,国际教育学院,Comprehensive Chinese（一）,3班,2.0,32,冯潇,创新港校区-5-1007,5,5-8,9-16,,,,,,,,,,,,,,,,,,,,,,,,,,,,,,,,,,,,,,,,,,,,,,,,
272004,国际教育学院,Comprehensive Chinese（一）,4班,2.0,32,杨莉莉,创新港校区-5-2027,2,5-8,9-16,,,,,,,,,,,,,,,,,,,,,,,,,,,,,,,,,,,,,,,,,,,,,,,,
272004,国际教育学院,Comprehensive Chinese（一）,5班,2.0,32,刘莹,雁塔校区-综合楼-西阶一,2,5-8,9-16,,,,,,,,,,,,,,,,,,,,,,,,,,,,,,,,,,,,,,,,,,,,,,,,
283001,前沿科学技术研究院,Magnetism Fundamentals and Magnetic Materials,1班,2.0,40,马天宇,创新港校区-19-4110,3,9-10,1-10,创新港校区-19-4110,4,1-2,1-10,,,,,,,,,,,,,,,,,,,,,,,,,,,,,,,,,,,,,,,,,,,,
283005,前沿科学技术研究院,Electronic Structure of Molecules,1班,2.0,32,吴超,创新港校区-19-2092,1,3-4,1-16,,,,,,,,,,,,,,,,,,,,,,,,,,,,,,,,,,,,,,,,,,,,,,,,
283007,前沿科学技术研究院,无机纳米科学,1班,2.0,32,高传博,创新港校区-19-4107,2,9-10,1-16,,,,,,,,,,,,,,,,,,,,,,,,,,,,,,,,,,,,,,,,,,,,,,,,
283008,前沿科学技术研究院,铁电体物理学,1班,2.0,32,柯小琴,创新港校区-4-5208,5,3-4,9-16,创新港校区-4-5208,5,7-8,9-16,,,,,,,,,,,,,,,,,,,,,,,,,,,,,,,,,,,,,,,,,,,,
283012,前沿科学技术研究院,生物活性材料与医学工程,1班,2.0,32,雷波,创新港校区-19-4107,1,9-10,1-16,,,,,,,,,,,,,,,,,,,,,,,,,,,,,,,,,,,,,,,,,,,,,,,,
283016,前沿科学技术研究院,合成科学概论,1班,2.0,32,李鹏飞,创新港校区-19-2092,2,3-4,1-16,,,,,,,,,,,,,,,,,,,,,,,,,,,,,,,,,,,,,,,,,,,,,,,,
283017,前沿科学技术研究院,金属材料设计与计算,1班,2.0,32,张华磊,创新港校区-19-4107,4,3-4,1-8,创新港校区-19-4107,4,7-8,1-8,,,,,,,,,,,,,,,,,,,,,,,,,,,,,,,,,,,,,,,,,,,,
283019,前沿科学技术研究院,高等有机及金属有机化学,1班,2.0,32,李洋,创新港校区-19-3105,2,7-8,1-16,,,,,,,,,,,,,,,,,,,,,,,,,,,,,,,,,,,,,,,,,,,,,,,,
283021,前沿科学技术研究院,研究生论文写作指导（前沿）,1班,1.0,16,张华磊,创新港校区-5-1W107,4,5-6,1-8,,,,,,,,,,,,,,,,,,,,,,,,,,,,,,,,,,,,,,,,,,,,,,,,
283024,前沿科学技术研究院,Advanced Inorganic Chemistry,1班,2.0,32,郑彦臻,创新港校区-19-4107,3,3-4,1-16,,,,,,,,,,,,,,,,,,,,,,,,,,,,,,,,,,,,,,,,,,,,,,,,
283025,前沿科学技术研究院,柔性印刷电子技术前沿进展,1班,2.0,32,田亮,创新港校区-19-3107,4,9-10,1-16,,,,,,,,,,,,,,,,,,,,,,,,,,,,,,,,,,,,,,,,,,,,,,,,
283027,前沿科学技术研究院,高熵材料的设计与性能,1班,2.0,32,张华磊,创新港校区-19-3107,5,7-10,1-8,,,,,,,,,,,,,,,,,,,,,,,,,,,,,,,,,,,,,,,,,,,,,,,,
283029,前沿科学技术研究院,创面修复与再生材料,1班,2.0,32,郭保林,创新港校区-19-2092,1,7-10,1-8,,,,,,,,,,,,,,,,,,,,,,,,,,,,,,,,,,,,,,,,,,,,,,,,
283030,前沿科学技术研究院,光电智能材料与器件（校企）（实践）,1班,2.0,32,鲁广昊,创新港校区-19-2092,6,3-6,1-8,,,,,,,,,,,,,,,,,,,,,,,,,,,,,,,,,,,,,,,,,,,,,,,,
283031,前沿科学技术研究院,自主学习实践（前沿-采集式课程）,1班,2.0,32,邵永平,,7,10-11,1-16,,,,,,,,,,,,,,,,,,,,,,,,,,,,,,,,,,,,,,,,,,,,,,,,
283032,前沿科学技术研究院,铁电薄膜材料及器件,1班,2.0,32,娄晓杰,创新港校区-19-2097,5,3-4,1-16,,,,,,,,,,,,,,,,,,,,,,,,,,,,,,,,,,,,,,,,,,,,,,,,
283033,前沿科学技术研究院,超分子结构与材料,1班,2.0,32,何刚,创新港校区-19-2094,2,5-6,1-16,,,,,,,,,,,,,,,,,,,,,,,,,,,,,,,,,,,,,,,,,,,,,,,,
283035,前沿科学技术研究院,先进光刻原理与技术,1班,2.0,32,罗四海,创新港校区-19-2092,3,9-10,1-16,,,,,,,,,,,,,,,,,,,,,,,,,,,,,,,,,,,,,,,,,,,,,,,,
313031,体育学院,体育保健与康复,1班,2.0,32,刘长江,兴庆校区-中2-2232,5,3-4,1-16,,,,,,,,,,,,,,,,,,,,,,,,,,,,,,,,,,,,,,,,,,,,,,,,
313032,体育学院,体育赛事管理与运营,1班,2.0,32,赵江鸿,兴庆校区-中2-2240,2,9-10,9-16,兴庆校区-中2-2240,4,9-10,9-16,,,,,,,,,,,,,,,,,,,,,,,,,,,,,,,,,,,,,,,,,,,,
313033,体育学院,体育信息技术应用,1班,2.0,32,陈龙伟,兴庆校区-中2-2247,6,3-4,1-16,,,,,,,,,,,,,,,,,,,,,,,,,,,,,,,,,,,,,,,,,,,,,,,,
313034,体育学院,专项运动技能副项（实践）,1班,4.0,64,孙蔚,,7,3-4,1-16,,7,7-8,1-16,,,,,,,,,,,,,,,,,,,,,,,,,,,,,,,,,,,,,,,,,,,,
313035,体育学院,专项运动技能主项,1班,4.0,40,孙蔚,,7,1-2,1-16,,7,5-6,1-16,,,,,,,,,,,,,,,,,,,,,,,,,,,,,,,,,,,,,,,,,,,,
313038,体育学院,运动训练竞赛学,1班,3.0,48,张军,兴庆校区-主楼A-405,2,5-6,1-12,兴庆校区-主楼A-405,4,3-4,1-12,,,,,,,,,,,,,,,,,,,,,,,,,,,,,,,,,,,,,,,,,,,,
313039,体育学院,体质监测与评价,1班,2.0,32,任文君,兴庆校区-中2-2232,5,1-2,1-16,,,,,,,,,,,,,,,,,,,,,,,,,,,,,,,,,,,,,,,,,,,,,,,,
313041,体育学院,体育社会学,1班,2.0,32,肖坤鹏,兴庆校区-中3-2329,3,3-4,1-16,,,,,,,,,,,,,,,,,,,,,,,,,,,,,,,,,,,,,,,,,,,,,,,,
323002,新闻与新媒体学院,计算传播研究,1班,2.0,32,杨帆,创新港校区-1-4057,4,7-10,9-16,,,,,,,,,,,,,,,,,,,,,,,,,,,,,,,,,,,,,,,,,,,,,,,,
323003,新闻与新媒体学院,危机传播与管理,1班,2.0,32,李巨星,创新港校区-1-4059,2,7-10,1-8,,,,,,,,,,,,,,,,,,,,,,,,,,,,,,,,,,,,,,,,,,,,,,,,
323006,新闻与新媒体学院,新闻传播学理论前沿,1班,2.0,32,吴锋,兴庆校区-中3-1300,2,3-6,9-16,,,,,,,,,,,,,,,,,,,,,,,,,,,,,,,,,,,,,,,,,,,,,,,,
323010,新闻与新媒体学院,智能传播专题研究,1班,2.0,32,吴锋,兴庆校区-中3-1300,1,10,1-8,兴庆校区-中3-1300,2,3-6,1-8,,,,,,,,,,,,,,,,,,,,,,,,,,,,,,,,,,,,,,,,,,,,
323018,新闻与新媒体学院,研究生论文写作指导（新闻-硕）,1班,1.0,16,刘婵君,创新港校区-1-4059,2,3-6,1-8,,,,,,,,,,,,,,,,,,,,,,,,,,,,,,,,,,,,,,,,,,,,,,,,
323025,新闻与新媒体学院,区域国别研究与跨文化传播,1班,2.0,32,王威力,创新港校区-1-4057,5,7-10,1-8,,,,,,,,,,,,,,,,,,,,,,,,,,,,,,,,,,,,,,,,,,,,,,,,
323029,新闻与新媒体学院,智能时代的品牌国际传播（校企）,1班,2.0,32,汪文斌,创新港校区-1-4052,5,1-4,1-8,,,,,,,,,,,,,,,,,,,,,,,,,,,,,,,,,,,,,,,,,,,,,,,,
323031,新闻与新媒体学院,空间媒介与智能计算（实践）（AI进阶）,1班,2.0,32,汪文斌,创新港校区-1-4059,2,3-6,9-16,,,,,,,,,,,,,,,,,,,,,,,,,,,,,,,,,,,,,,,,,,,,,,,,
323034,新闻与新媒体学院,新大众文艺概论,1班,2.0,32,阚平,创新港校区-1-4061,5,5-8,1-8,,,,,,,,,,,,,,,,,,,,,,,,,,,,,,,,,,,,,,,,,,,,,,,,
323039,新闻与新媒体学院,媒介变革与社会发展,1班,2.0,32,张窈,创新港校区-1-4057,5,3-6,9-16,,,,,,,,,,,,,,,,,,,,,,,,,,,,,,,,,,,,,,,,,,,,,,,,
333003,物理学院,磁学与磁性材料,1班,2.0,32,杨森,创新港校区-4-5208,4,3-6,1-8,,,,,,,,,,,,,,,,,,,,,,,,,,,,,,,,,,,,,,,,,,,,,,,,
333004,物理学院,广义相对论导论,1班,2.0,40,付春娥,创新港校区-4-3216,4,3-6,7-16,,,,,,,,,,,,,,,,,,,,,,,,,,,,,,,,,,,,,,,,,,,,,,,,
333005,物理学院,纳米材料物理,1班,2.0,32,杨生春,创新港校区-4-3206,1,5-6,9-16,创新港校区-4-3206,1,9-10,9-16,,,,,,,,,,,,,,,,,,,,,,,,,,,,,,,,,,,,,,,,,,,,
333006,物理学院,研究生论文写作指导（物理）,1班,1.0,20,赵永涛,创新港校区-5-1W103,1,3-4,1-5,创新港校区-5-1E103,1,7-8,1-5,,,,,,,,,,,,,,,,,,,,,,,,,,,,,,,,,,,,,,,,,,,,
333007,物理学院,固体理论,1班,2.0,40,夏明岗,创新港校区-4-6216,2,5-6,1-10,创新港校区-4-6216,2,9-10,1-10,,,,,,,,,,,,,,,,,,,,,,,,,,,,,,,,,,,,,,,,,,,,
333009,物理学院,材料计算与模拟,1班,2.0,32,杨涛,创新港校区-4-5202,4,3-4,9-16,创新港校区-4-5202,4,7-8,9-16,,,,,,,,,,,,,,,,,,,,,,,,,,,,,,,,,,,,,,,,,,,,
333021,物理学院,软物质物理学,1班,2.0,32,吴宥伸,创新港校区-4-5202,3,7-10,9-16,,,,,,,,,,,,,,,,,,,,,,,,,,,,,,,,,,,,,,,,,,,,,,,,
333022,物理学院,Advanced Solid State Physics,1班,2.0,32,张朋,创新港校区-4-4202,2,7-8,1-8,创新港校区-4-4202,4,5-6,1-8,,,,,,,,,,,,,,,,,,,,,,,,,,,,,,,,,,,,,,,,,,,,
333023,物理学院,Principles & Practices of Materials Manufacturing,1班,2.0,32,王亚平,创新港校区-4-5208,5,7-10,1-8,,,,,,,,,,,,,,,,,,,,,,,,,,,,,,,,,,,,,,,,,,,,,,,,
343002,化学学院,储能原理与应用前沿（校企）,1班,2.0,48,丁书江,创新港校区-1-4061,5,3-4,1-8,创新港校区-1-5057,5,5-6,1-8,,,,,,,,,,,,,,,,,,,,,,,,,,,,,,,,,,,,,,,,,,,,
343002,化学学院,储能原理与应用前沿（校企）,2班,2.0,48,丁书江,创新港校区-19-4110,2,3-6,1-2,创新港校区-19-2094,2,3-4,3-4,创新港校区-19-3110,2,3-6,5-8,创新港校区-19-4110,2,5-6,3-3,创新港校区-19-3110,2,5-6,4-4,,,,,,,,,,,,,,,,,,,,,,,,,,,,,,,,
343003,化学学院,生物显微成像技术及应用,1班,1.0,16,孟令杰,创新港校区-19-4112,1,3-6,1-4,,,,,,,,,,,,,,,,,,,,,,,,,,,,,,,,,,,,,,,,,,,,,,,,
343004,化学学院,扫描电镜成像技术及应用,1班,1.0,20,孟令杰,创新港校区-19-4112,5,3-6,1-5,,,,,,,,,,,,,,,,,,,,,,,,,,,,,,,,,,,,,,,,,,,,,,,,
343010,化学学院,Advanced Separation Materials,1班,1.0,16,高瑞霞,创新港校区-19-4112,2,3-4,1-8,,,,,,,,,,,,,,,,,,,,,,,,,,,,,,,,,,,,,,,,,,,,,,,,
343012,化学学院,Interface Chemistry,1班,2.0,32,魏巍,创新港校区-19-4110,1,7-8,9-18,创新港校区-19-4110,3,7-8,9-18,,,,,,,,,,,,,,,,,,,,,,,,,,,,,,,,,,,,,,,,,,,,
343018,化学学院,有机光学诊疗分子与材料,1班,2.0,32,党东锋,创新港校区-19-3109,3,5-6,1-8,创新港校区-19-3109,3,9-10,1-8,,,,,,,,,,,,,,,,,,,,,,,,,,,,,,,,,,,,,,,,,,,,
361001,人工智能学院,人工智能安全与伦理（AI通识-线上）,1班,1.0,16,吴琳,,5,3-4,18-18,,,,,,,,,,,,,,,,,,,,,,,,,,,,,,,,,,,,,,,,,,,,,,,,
361002,人工智能学院,人工智能（AI通识-线上）,1班,1.0,16,吴琳,,5,3-4,18-18,,,,,,,,,,,,,,,,,,,,,,,,,,,,,,,,,,,,,,,,,,,,,,,,
361004,人工智能学院,人工智能导论（SUSTech）（AI通识-线上）,1班,1.0,16,吴琳,,5,3-4,18-18,,,,,,,,,,,,,,,,,,,,,,,,,,,,,,,,,,,,,,,,,,,,,,,,
361005,人工智能学院,人工智能与创新（AI通识-线上）,1班,1.0,16,吴琳,,5,3-4,18-18,,,,,,,,,,,,,,,,,,,,,,,,,,,,,,,,,,,,,,,,,,,,,,,,
361006,人工智能学院,人工智能原理（AI通识-线上）,1班,1.0,16,吴琳,,5,3-4,18-18,,,,,,,,,,,,,,,,,,,,,,,,,,,,,,,,,,,,,,,,,,,,,,,,
361007,人工智能学院,数据与智能技术应用（AI通识-线上）,1班,1.0,16,吴琳,,5,3-4,18-18,,,,,,,,,,,,,,,,,,,,,,,,,,,,,,,,,,,,,,,,,,,,,,,,
361008,人工智能学院,智慧医疗创新体验（AI通识-线上）,1班,1.0,16,吴琳,,5,3-4,18-18,,,,,,,,,,,,,,,,,,,,,,,,,,,,,,,,,,,,,,,,,,,,,,,,
361009,人工智能学院,智能证券投资（AI通识-线上）,1班,1.0,16,吴琳,,5,3-4,18-18,,,,,,,,,,,,,,,,,,,,,,,,,,,,,,,,,,,,,,,,,,,,,,,,
361010,人工智能学院,动手学AI：人工智能通识与实践（人文艺术版）（AI通识-线上）,1班,1.0,20,吴琳,,5,3-4,18-18,,,,,,,,,,,,,,,,,,,,,,,,,,,,,,,,,,,,,,,,,,,,,,,,
361011,人工智能学院,动手学AI：人工智能通识与实践（社科版）（AI通识-线上）,1班,1.0,20,吴琳,,5,3-4,18-18,,,,,,,,,,,,,,,,,,,,,,,,,,,,,,,,,,,,,,,,,,,,,,,,
361012,人工智能学院,动手学AI：人工智能通识与实践（理工版）（AI通识-线上）,1班,1.0,20,吴琳,,5,3-4,18-18,,,,,,,,,,,,,,,,,,,,,,,,,,,,,,,,,,,,,,,,,,,,,,,,
361013,人工智能学院,金融法：金融科技与人工智能法（AI通识-线上）,1班,1.0,16,吴琳,,5,3-4,18-18,,,,,,,,,,,,,,,,,,,,,,,,,,,,,,,,,,,,,,,,,,,,,,,,
363001,人工智能学院,人工智能基础与应用II（理工）（AI通识）,1班,2.0,32,张雪涛,创新港校区-5-4106,2,5-6,1-8,创新港校区-5-4106,4,5-6,1-8,,,,,,,,,,,,,,,,,,,,,,,,,,,,,,,,,,,,,,,,,,,,
363001,人工智能学院,人工智能基础与应用II（理工）（AI通识）,2班,2.0,32,周三平,创新港校区-5-1005,2,7-8,1-8,创新港校区-5-1005,4,7-8,1-8,,,,,,,,,,,,,,,,,,,,,,,,,,,,,,,,,,,,,,,,,,,,
363001,人工智能学院,人工智能基础与应用II（理工）（AI通识）,3班,2.0,32,周延,创新港校区-3-6001,2,3-4,1-8,创新港校区-3-6001,4,3-4,1-8,,,,,,,,,,,,,,,,,,,,,,,,,,,,,,,,,,,,,,,,,,,,
363002,人工智能学院,人工智能导论（FUDAN）（AI通识-线上）,1班,1.0,16,吴琳,,5,3-4,18-18,,,,,,,,,,,,,,,,,,,,,,,,,,,,,,,,,,,,,,,,,,,,,,,,
373002,仪器科学与技术学院,LabVIEW虚拟仪器设计及应用,1班,2.0,32,曾翔君,,5,1-4,9-16,,,,,,,,,,,,,,,,,,,,,,,,,,,,,,,,,,,,,,,,,,,,,,,,
373005,仪器科学与技术学院,动力系统建模与有限元分析,1班,2.0,32,韦学勇,创新港校区-2-4005,4,7-10,9-16,,,,,,,,,,,,,,,,,,,,,,,,,,,,,,,,,,,,,,,,,,,,,,,,
373009,仪器科学与技术学院,控制系统设计,1班,2.0,40,汤晓君,创新港校区-2-3005,4,7-10,1-8,,,,,,,,,,,,,,,,,,,,,,,,,,,,,,,,,,,,,,,,,,,,,,,,
373011,仪器科学与技术学院,嵌入式系统及其电路的开发设计,1班,2.0,40,刘弹,创新港校区-2-3001,4,3-6,1-10,,,,,,,,,,,,,,,,,,,,,,,,,,,,,,,,,,,,,,,,,,,,,,,,
373012,仪器科学与技术学院,柔性电子传感技术,1班,2.0,32,王琛英,创新港校区-2-3002,6,3-6,1-8,,,,,,,,,,,,,,,,,,,,,,,,,,,,,,,,,,,,,,,,,,,,,,,,
373019,仪器科学与技术学院,微型机械电子系统,1班,2.0,40,韩枫,创新港校区-2-3001,5,7-10,1-10,,,,,,,,,,,,,,,,,,,,,,,,,,,,,,,,,,,,,,,,,,,,,,,,
373021,仪器科学与技术学院,误差理论与数据处理,1班,2.0,40,赵立波,创新港校区-2-5003,2,5-7,1-13,,,,,,,,,,,,,,,,,,,,,,,,,,,,,,,,,,,,,,,,,,,,,,,,
373022,仪器科学与技术学院,现代测控系统集成设计,1班,2.0,32,鹿又水,创新港校区-2-5006,5,3-6,9-16,,,,,,,,,,,,,,,,,,,,,,,,,,,,,,,,,,,,,,,,,,,,,,,,
373023,仪器科学与技术学院,现代光学测试技术,1班,2.0,40,赵宏,创新港校区-2-6001,6,5-7,1-12,创新港校区-2-6001,6,5-6,13-14,,,,,,,,,,,,,,,,,,,,,,,,,,,,,,,,,,,,,,,,,,,,
373026,仪器科学与技术学院,Theory and Application of Microfluidics,1班,2.0,32,韦学勇,创新港校区-2-3003,5,3-6,9-16,,,,,,,,,,,,,,,,,,,,,,,,,,,,,,,,,,,,,,,,,,,,,,,,
373029,仪器科学与技术学院,振动分析与控制,1班,2.0,32,韦学勇,创新港校区-2-4005,3,7-10,9-16,,,,,,,,,,,,,,,,,,,,,,,,,,,,,,,,,,,,,,,,,,,,,,,,
373030,仪器科学与技术学院,智能传感器系统（AI进阶）,1班,2.0,40,汤晓君,创新港校区-5-1W105,2,1-4,9-16,,,,,,,,,,,,,,,,,,,,,,,,,,,,,,,,,,,,,,,,,,,,,,,,
373031,仪器科学与技术学院,智能仪器设计（AI进阶）,1班,3.0,48,曾翔君,创新港校区-5-4106,1,3-4,1-8,创新港校区-5-4106,3,3-4,1-8,创新港校区-5-4106,5,1-4,5-8,,,,,,,,,,,,,,,,,,,,,,,,,,,,,,,,,,,,,,,,
373033,仪器科学与技术学院,光学传感与器件,1班,2.0,32,赵娜,创新港校区-2-4001,6,3-6,9-16,,,,,,,,,,,,,,,,,,,,,,,,,,,,,,,,,,,,,,,,,,,,,,,,
983002,未来技术学院,新医科伦理学,1班,1.5,24,郭卉,创新港校区-20-3099,4,3-4,1-1,创新港校区-20-3099,4,3-4,3-7,创新港校区-20-3099,4,3-4,9-12,创新港校区-20-3099,5,3-6,5-5,,,,,,,,,,,,,,,,,,,,,,,,,,,,,,,,,,,,
983006,未来技术学院,小卫星结构设计与制作实践,1班,2.0,32,王晨希,创新港校区-20-4103,2,5-8,9-16,,,,,,,,,,,,,,,,,,,,,,,,,,,,,,,,,,,,,,,,,,,,,,,,
983008,未来技术学院,复合材料结构（智能AI）设计与分析（AI进阶）,1班,3.0,64,周晋,创新港校区-2-4006,2,7-10,1-8,创新港校区-2-4006,4,7-10,1-8,,,,,,,,,,,,,,,,,,,,,,,,,,,,,,,,,,,,,,,,,,,,
KN00121066,,课内授课-学术英语（一）,1班,,32,杨蕾,兴庆校区-中3-2357,3,3-4,1-16,,,,,,,,,,,,,,,,,,,,,,,,,,,,,,,,,,,,,,,,,,,,,,,,
KN00121066,,课内授课-学术英语（一）,2班,,32,杨蕾,兴庆校区-中3-2357,3,5-6,1-16,,,,,,,,,,,,,,,,,,,,,,,,,,,,,,,,,,,,,,,,,,,,,,,,
KN00121066,,课内授课-学术英语（一）,3班,,32,田荣昌,雁塔校区-综合楼-304,6,1-2,1-16,,,,,,,,,,,,,,,,,,,,,,,,,,,,,,,,,,,,,,,,,,,,,,,,
KN00121066,,课内授课-学术英语（一）,4班,,32,田荣昌,雁塔校区-综合楼-304,6,3-4,1-16,,,,,,,,,,,,,,,,,,,,,,,,,,,,,,,,,,,,,,,,,,,,,,,,
KN00121066,,课内授课-学术英语（一）,5班,,32,李莹,雁塔校区-综合楼-303,6,1-2,1-16,,,,,,,,,,,,,,,,,,,,,,,,,,,,,,,,,,,,,,,,,,,,,,,,
KN00121066,,课内授课-学术英语（一）,6班,,32,李莹,雁塔校区-综合楼-303,6,3-4,1-16,,,,,,,,,,,,,,,,,,,,,,,,,,,,,,,,,,,,,,,,,,,,,,,,
KN00121066,,课内授课-学术英语（一）,7班,,32,李小棉,雁塔校区-综合楼-306,6,1-2,1-16,,,,,,,,,,,,,,,,,,,,,,,,,,,,,,,,,,,,,,,,,,,,,,,,
KN00121066,,课内授课-学术英语（一）,8班,,32,李小棉,雁塔校区-综合楼-306,6,3-4,1-16,,,,,,,,,,,,,,,,,,,,,,,,,,,,,,,,,,,,,,,,,,,,,,,,
KN00121066,,课内授课-学术英语（一）,9班,,32,杨蕾,创新港校区-5-2006,1,1-2,1-16,,,,,,,,,,,,,,,,,,,,,,,,,,,,,,,,,,,,,,,,,,,,,,,,
KN00121066,,课内授课-学术英语（一）,10班,,32,杨蕾,创新港校区-5-2006,1,3-4,1-16,,,,,,,,,,,,,,,,,,,,,,,,,,,,,,,,,,,,,,,,,,,,,,,,
KN00121066,,课内授课-学术英语（一）,11班,,32,杨蕾,创新港校区-5-2006,1,5-6,1-16,,,,,,,,,,,,,,,,,,,,,,,,,,,,,,,,,,,,,,,,,,,,,,,,
KN00121066,,课内授课-学术英语（一）,12班,,32,杨蕾,创新港校区-5-2006,1,7-8,1-16,,,,,,,,,,,,,,,,,,,,,,,,,,,,,,,,,,,,,,,,,,,,,,,,
KN00121066,,课内授课-学术英语（一）,13班,,32,田荣昌,创新港校区-5-2010,1,5-6,1-16,,,,,,,,,,,,,,,,,,,,,,,,,,,,,,,,,,,,,,,,,,,,,,,,
KN00121066,,课内授课-学术英语（一）,14班,,32,田荣昌,创新港校区-5-2010,1,7-8,1-16,,,,,,,,,,,,,,,,,,,,,,,,,,,,,,,,,,,,,,,,,,,,,,,,
KN00121066,,课内授课-学术英语（一）,15班,,32,张妍华,创新港校区-5-2012,2,5-6,1-16,,,,,,,,,,,,,,,,,,,,,,,,,,,,,,,,,,,,,,,,,,,,,,,,
KN00121066,,课内授课-学术英语（一）,16班,,32,张妍华,创新港校区-5-2012,2,7-8,1-16,,,,,,,,,,,,,,,,,,,,,,,,,,,,,,,,,,,,,,,,,,,,,,,,
KN00121066,,课内授课-学术英语（一）,17班,,32,张妍华,创新港校区-5-2012,3,5-6,1-16,,,,,,,,,,,,,,,,,,,,,,,,,,,,,,,,,,,,,,,,,,,,,,,,
KN00121066,,课内授课-学术英语（一）,18班,,32,张妍华,创新港校区-5-2012,3,7-8,1-16,,,,,,,,,,,,,,,,,,,,,,,,,,,,,,,,,,,,,,,,,,,,,,,,
KN00121066,,课内授课-学术英语（一）,19班,,32,范文娟,创新港校区-5-2014,1,3-4,1-16,,,,,,,,,,,,,,,,,,,,,,,,,,,,,,,,,,,,,,,,,,,,,,,,
KN00121066,,课内授课-学术英语（一）,20班,,32,范文娟,创新港校区-5-2014,1,5-6,1-16,,,,,,,,,,,,,,,,,,,,,,,,,,,,,,,,,,,,,,,,,,,,,,,,
KN00121066,,课内授课-学术英语（一）,21班,,32,范文娟,创新港校区-5-2014,3,3-4,1-16,,,,,,,,,,,,,,,,,,,,,,,,,,,,,,,,,,,,,,,,,,,,,,,,
KN00121066,,课内授课-学术英语（一）,22班,,32,范文娟,创新港校区-5-2014,3,5-6,1-16,,,,,,,,,,,,,,,,,,,,,,,,,,,,,,,,,,,,,,,,,,,,,,,,
KN00121066,,课内授课-学术英语（一）,23班,,32,申辰瑜,创新港校区-5-2006,2,1-2,1-16,,,,,,,,,,,,,,,,,,,,,,,,,,,,,,,,,,,,,,,,,,,,,,,,
KN00121066,,课内授课-学术英语（一）,24班,,32,申辰瑜,创新港校区-5-2006,2,3-4,1-16,,,,,,,,,,,,,,,,,,,,,,,,,,,,,,,,,,,,,,,,,,,,,,,,
KN00121066,,课内授课-学术英语（一）,25班,,32,申辰瑜,创新港校区-5-2006,3,1-2,1-16,,,,,,,,,,,,,,,,,,,,,,,,,,,,,,,,,,,,,,,,,,,,,,,,
KN00121066,,课内授课-学术英语（一）,26班,,32,申辰瑜,创新港校区-5-2006,3,3-4,1-16,,,,,,,,,,,,,,,,,,,,,,,,,,,,,,,,,,,,,,,,,,,,,,,,
KN00121066,,课内授课-学术英语（一）,27班,,32,方菁,创新港校区-5-2010,3,5-6,1-16,,,,,,,,,,,,,,,,,,,,,,,,,,,,,,,,,,,,,,,,,,,,,,,,
KN00121066,,课内授课-学术英语（一）,28班,,32,方菁,创新港校区-5-2010,3,7-8,1-16,,,,,,,,,,,,,,,,,,,,,,,,,,,,,,,,,,,,,,,,,,,,,,,,
KN00121066,,课内授课-学术英语（一）,29班,,32,严禛,创新港校区-5-2066,1,3-4,1-16,,,,,,,,,,,,,,,,,,,,,,,,,,,,,,,,,,,,,,,,,,,,,,,,
KN00121066,,课内授课-学术英语（一）,30班,,32,严禛,创新港校区-5-2066,1,5-6,1-16,,,,,,,,,,,,,,,,,,,,,,,,,,,,,,,,,,,,,,,,,,,,,,,,
KN00121066,,课内授课-学术英语（一）,31班,,32,严禛,创新港校区-5-2066,3,1-2,1-16,,,,,,,,,,,,,,,,,,,,,,,,,,,,,,,,,,,,,,,,,,,,,,,,
KN00121066,,课内授课-学术英语（一）,32班,,32,严禛,创新港校区-5-2066,3,3-4,1-16,,,,,,,,,,,,,,,,,,,,,,,,,,,,,,,,,,,,,,,,,,,,,,,,
KN00121066,,课内授课-学术英语（一）,33班,,32,严禛,创新港校区-5-2066,3,5-6,1-16,,,,,,,,,,,,,,,,,,,,,,,,,,,,,,,,,,,,,,,,,,,,,,,,
KN00121066,,课内授课-学术英语（一）,34班,,32,王伊蕾,创新港校区-5-2008,3,5-6,1-16,,,,,,,,,,,,,,,,,,,,,,,,,,,,,,,,,,,,,,,,,,,,,,,,
KN00121067,,课内授课-学术英语（二）,1班,,32,王芙蓉,兴庆校区-中2-1203,3,1-2,1-16,,,,,,,,,,,,,,,,,,,,,,,,,,,,,,,,,,,,,,,,,,,,,,,,
KN00121067,,课内授课-学术英语（二）,2班,,32,王芙蓉,兴庆校区-中2-1203,3,3-4,1-16,,,,,,,,,,,,,,,,,,,,,,,,,,,,,,,,,,,,,,,,,,,,,,,,
KN00121067,,课内授课-学术英语（二）,3班,,32,王芙蓉,兴庆校区-中2-1203,3,5-6,1-16,,,,,,,,,,,,,,,,,,,,,,,,,,,,,,,,,,,,,,,,,,,,,,,,
KN00121067,,课内授课-学术英语（二）,4班,,32,王芙蓉,兴庆校区-中2-1203,3,7-8,1-16,,,,,,,,,,,,,,,,,,,,,,,,,,,,,,,,,,,,,,,,,,,,,,,,
KN00121067,,课内授课-学术英语（二）,5班,,32,陈琦,雁塔校区-综合楼-303,4,5-6,1-16,,,,,,,,,,,,,,,,,,,,,,,,,,,,,,,,,,,,,,,,,,,,,,,,
KN00121067,,课内授课-学术英语（二）,6班,,32,陈琦,雁塔校区-综合楼-303,4,7-8,1-16,,,,,,,,,,,,,,,,,,,,,,,,,,,,,,,,,,,,,,,,,,,,,,,,
KN00121067,,课内授课-学术英语（二）,7班,,32,陈琦,创新港校区-5-2068,3,1-2,1-16,,,,,,,,,,,,,,,,,,,,,,,,,,,,,,,,,,,,,,,,,,,,,,,,
KN00121067,,课内授课-学术英语（二）,8班,,32,陈琦,创新港校区-5-2068,3,3-4,1-16,,,,,,,,,,,,,,,,,,,,,,,,,,,,,,,,,,,,,,,,,,,,,,,,
KN00121067,,课内授课-学术英语（二）,9班,,32,陈琦,创新港校区-5-2068,3,5-6,1-16,,,,,,,,,,,,,,,,,,,,,,,,,,,,,,,,,,,,,,,,,,,,,,,,
KN00121067,,课内授课-学术英语（二）,10班,,32,王华,创新港校区-5-2058,2,3-4,1-16,,,,,,,,,,,,,,,,,,,,,,,,,,,,,,,,,,,,,,,,,,,,,,,,
KN00121067,,课内授课-学术英语（二）,11班,,32,郑四方,创新港校区-5-2027,1,3-4,1-16,,,,,,,,,,,,,,,,,,,,,,,,,,,,,,,,,,,,,,,,,,,,,,,,
KN00121067,,课内授课-学术英语（二）,12班,,32,郑四方,创新港校区-5-2027,1,5-6,1-16,,,,,,,,,,,,,,,,,,,,,,,,,,,,,,,,,,,,,,,,,,,,,,,,
KN00121067,,课内授课-学术英语（二）,13班,,32,郑四方,创新港校区-5-2027,1,7-8,1-16,,,,,,,,,,,,,,,,,,,,,,,,,,,,,,,,,,,,,,,,,,,,,,,,
KN00121067,,课内授课-学术英语（二）,14班,,32,郑四方,创新港校区-5-2027,3,3-4,1-16,,,,,,,,,,,,,,,,,,,,,,,,,,,,,,,,,,,,,,,,,,,,,,,,
KN00121067,,课内授课-学术英语（二）,15班,,32,郑四方,创新港校区-5-2027,3,5-6,1-16,,,,,,,,,,,,,,,,,,,,,,,,,,,,,,,,,,,,,,,,,,,,,,,,
KN00121067,,课内授课-学术英语（二）,16班,,32,郑四方,创新港校区-5-2027,3,7-8,1-16,,,,,,,,,,,,,,,,,,,,,,,,,,,,,,,,,,,,,,,,,,,,,,,,
KN00121067,,课内授课-学术英语（二）,17班,,32,许小艳,创新港校区-5-2064,1,1-2,1-16,,,,,,,,,,,,,,,,,,,,,,,,,,,,,,,,,,,,,,,,,,,,,,,,
KN00121067,,课内授课-学术英语（二）,18班,,32,许小艳,创新港校区-5-2064,1,5-6,1-16,,,,,,,,,,,,,,,,,,,,,,,,,,,,,,,,,,,,,,,,,,,,,,,,
KN00121067,,课内授课-学术英语（二）,19班,,32,许小艳,创新港校区-5-2064,3,1-2,1-16,,,,,,,,,,,,,,,,,,,,,,,,,,,,,,,,,,,,,,,,,,,,,,,,
KN00121067,,课内授课-学术英语（二）,20班,,32,许小艳,创新港校区-5-2064,3,5-6,1-16,,,,,,,,,,,,,,,,,,,,,,,,,,,,,,,,,,,,,,,,,,,,,,,,
KN00121067,,课内授课-学术英语（二）,21班,,32,闫开伦,创新港校区-5-2060,2,5-6,1-16,,,,,,,,,,,,,,,,,,,,,,,,,,,,,,,,,,,,,,,,,,,,,,,,
KN00121067,,课内授课-学术英语（二）,22班,,32,闫开伦,创新港校区-5-2060,2,7-8,1-16,,,,,,,,,,,,,,,,,,,,,,,,,,,,,,,,,,,,,,,,,,,,,,,,
KN00121067,,课内授课-学术英语（二）,23班,,32,闫开伦,创新港校区-5-2060,3,3-4,1-16,,,,,,,,,,,,,,,,,,,,,,,,,,,,,,,,,,,,,,,,,,,,,,,,
KN00121067,,课内授课-学术英语（二）,24班,,32,闫开伦,创新港校区-5-2060,3,5-6,1-16,,,,,,,,,,,,,,,,,,,,,,,,,,,,,,,,,,,,,,,,,,,,,,,,
KN00121067,,课内授课-学术英语（二）,25班,,32,闫开伦,创新港校区-5-2060,3,7-8,1-16,,,,,,,,,,,,,,,,,,,,,,,,,,,,,,,,,,,,,,,,,,,,,,,,
KN00121067,,课内授课-学术英语（二）,26班,,32,史文霞,创新港校区-5-2016,3,1-2,1-16,,,,,,,,,,,,,,,,,,,,,,,,,,,,,,,,,,,,,,,,,,,,,,,,
KN00121067,,课内授课-学术英语（二）,27班,,32,史文霞,创新港校区-5-2016,3,3-4,1-16,,,,,,,,,,,,,,,,,,,,,,,,,,,,,,,,,,,,,,,,,,,,,,,,
KN00121067,,课内授课-学术英语（二）,28班,,32,史文霞,创新港校区-5-2016,3,5-6,1-16,,,,,,,,,,,,,,,,,,,,,,,,,,,,,,,,,,,,,,,,,,,,,,,,
KN00121067,,课内授课-学术英语（二）,29班,,32,史文霞,创新港校区-5-2016,3,7-8,1-16,,,,,,,,,,,,,,,,,,,,,,,,,,,,,,,,,,,,,,,,,,,,,,,,
KN00121067,,课内授课-学术英语（二）,30班,,32,袁芳,创新港校区-5-2012,4,1-2,1-16,,,,,,,,,,,,,,,,,,,,,,,,,,,,,,,,,,,,,,,,,,,,,,,,
KN00121067,,课内授课-学术英语（二）,31班,,32,袁芳,创新港校区-5-2012,4,3-4,1-16,,,,,,,,,,,,,,,,,,,,,,,,,,,,,,,,,,,,,,,,,,,,,,,,
KN00121067,,课内授课-学术英语（二）,32班,,32,袁芳,创新港校区-5-2012,4,5-6,1-16,,,,,,,,,,,,,,,,,,,,,,,,,,,,,,,,,,,,,,,,,,,,,,,,
KN00121067,,课内授课-学术英语（二）,33班,,32,魏行,创新港校区-5-2058,3,1-2,1-16,,,,,,,,,,,,,,,,,,,,,,,,,,,,,,,,,,,,,,,,,,,,,,,,
KN00121067,,课内授课-学术英语（二）,34班,,32,魏行,创新港校区-5-2058,3,3-4,1-16,,,,,,,,,,,,,,,,,,,,,,,,,,,,,,,,,,,,,,,,,,,,,,,,
KN00121067,,课内授课-学术英语（二）,35班,,32,魏行,创新港校区-5-2058,3,5-6,1-16,,,,,,,,,,,,,,,,,,,,,,,,,,,,,,,,,,,,,,,,,,,,,,,,
KN00121067,,课内授课-学术英语（二）,36班,,32,魏行,创新港校区-5-2058,3,7-8,1-16,,,,,,,,,,,,,,,,,,,,,,,,,,,,,,,,,,,,,,,,,,,,,,,,
KN00121067,,课内授课-学术英语（二）,37班,,32,王宏俐,创新港校区-5-2062,3,3-4,1-16,,,,,,,,,,,,,,,,,,,,,,,,,,,,,,,,,,,,,,,,,,,,,,,,
KN00121067,,课内授课-学术英语（二）,38班,,32,王宏俐,创新港校区-5-2062,3,5-6,1-16,,,,,,,,,,,,,,,,,,,,,,,,,,,,,,,,,,,,,,,,,,,,,,,,
KN00121067,,课内授课-学术英语（二）,39班,,32,李蓓岚,创新港校区-5-2008,1,1-2,1-16,,,,,,,,,,,,,,,,,,,,,,,,,,,,,,,,,,,,,,,,,,,,,,,,
KN00121067,,课内授课-学术英语（二）,40班,,32,李蓓岚,创新港校区-5-2008,1,3-4,1-16,,,,,,,,,,,,,,,,,,,,,,,,,,,,,,,,,,,,,,,,,,,,,,,,
KN00121067,,课内授课-学术英语（二）,41班,,32,李蓓岚,创新港校区-5-2008,3,1-2,1-16,,,,,,,,,,,,,,,,,,,,,,,,,,,,,,,,,,,,,,,,,,,,,,,,
KN00121067,,课内授课-学术英语（二）,42班,,32,李蓓岚,创新港校区-5-2008,3,3-4,1-16,,,,,,,,,,,,,,,,,,,,,,,,,,,,,,,,,,,,,,,,,,,,,,,,
KN00121067,,课内授课-学术英语（二）,43班,,32,铁瑛,创新港校区-5-2012,1,3-4,1-16,,,,,,,,,,,,,,,,,,,,,,,,,,,,,,,,,,,,,,,,,,,,,,,,
KN00121067,,课内授课-学术英语（二）,44班,,32,铁瑛,创新港校区-5-2012,1,5-6,1-16,,,,,,,,,,,,,,,,,,,,,,,,,,,,,,,,,,,,,,,,,,,,,,,,
KN00121067,,课内授课-学术英语（二）,45班,,32,铁瑛,创新港校区-2-2006,3,3-4,1-16,,,,,,,,,,,,,,,,,,,,,,,,,,,,,,,,,,,,,,,,,,,,,,,,
KN00121067,,课内授课-学术英语（二）,46班,,32,铁瑛,创新港校区-5-2006,3,5-6,1-16,,,,,,,,,,,,,,,,,,,,,,,,,,,,,,,,,,,,,,,,,,,,,,,,
WS19003005,,汽车及先进动力系统专业英语及国际学术交流,1班,0.0,16,姜雪,创新港校区-1-3054,7,3-6,1-4,,,,,,,,,,,,,,,,,,,,,,,,,,,,,,,,,,,,,,,,,,,,,,,,
WS19003005,,汽车及先进动力系统专业英语及国际学术交流,2班,0.0,16,杨博,创新港校区-1-3056,7,3-6,1-4,,,,,,,,,,,,,,,,,,,,,,,,,,,,,,,,,,,,,,,,,,,,,,,,
WS19003005,,汽车及先进动力系统专业英语及国际学术交流,3班,0.0,16,姜雪,兴庆校区-中2-2243,7,3-6,5-8,,,,,,,,,,,,,,,,,,,,,,,,,,,,,,,,,,,,,,,,,,,,,,,,
WS19003005,,汽车及先进动力系统专业英语及国际学术交流,4班,0.0,16,杨博,兴庆校区-中2-2245,7,3-6,5-8,,,,,,,,,,,,,,,,,,,,,,,,,,,,,,,,,,,,,,,,,,,,,,,,
WS19003009,,学术英语交流技能与实战,1班,0.0,16,李景银,创新港校区-1-2051,4,5-6,9-16,,,,,,,,,,,,,,,,,,,,,,,,,,,,,,,,,,,,,,,,,,,,,,,,
WS19003009,,学术英语交流技能与实战,2班,0.0,16,李景银,创新港校区-1-2052,4,9-10,9-16,,,,,,,,,,,,,,,,,,,,,,,,,,,,,,,,,,,,,,,,,,,,,,,,
WS19003009,,学术英语交流技能与实战,3班,0.0,16,陈雪江,创新港校区-1-2055,4,3-4,9-16,,,,,,,,,,,,,,,,,,,,,,,,,,,,,,,,,,,,,,,,,,,,,,,,
WS19003009,,学术英语交流技能与实战,4班,0.0,16,刘海湖,创新港校区-1-2052,4,7-8,9-16,,,,,,,,,,,,,,,,,,,,,,,,,,,,,,,,,,,,,,,,,,,,,,,,
WS19003009,,学术英语交流技能与实战,5班,0.0,16,张洋,创新港校区-1-3055,4,7-8,9-16,,,,,,,,,,,,,,,,,,,,,,,,,,,,,,,,,,,,,,,,,,,,,,,,
WS19003009,,学术英语交流技能与实战,6班,0.0,16,张洋,创新港校区-1-2052,2,7-8,9-16,,,,,,,,,,,,,,,,,,,,,,,,,,,,,,,,,,,,,,,,,,,,,,,,
WS19009002,,学术交流英语实践课,1班,,16,刘博,创新港校区-4-4218,1,3-4,1-2,创新港校区-4-4218,2,3-4,1-2,创新港校区-4-4218,4,3-4,1-2,创新港校区-4-4218,5,3-4,1-2,,,,,,,,,,,,,,,,,,,,,,,,,,,,,,,,,,,,
WS19009002,,学术交流英语实践课,2班,,16,刘博,创新港校区-4-4218,1,5-6,1-2,创新港校区-4-4218,2,5-6,1-2,创新港校区-4-4218,4,5-6,1-2,创新港校区-4-4218,5,5-6,1-2,,,,,,,,,,,,,,,,,,,,,,,,,,,,,,,,,,,,
WS19009002,,学术交流英语实践课,3班,,16,刘博,创新港校区-4-4218,1,7-8,1-2,创新港校区-4-4218,2,7-8,1-1,创新港校区-4-4218,3,7-8,2-2,创新港校区-4-4218,4,7-8,1-2,创新港校区-4-4218,5,7-8,1-2,,,,,,,,,,,,,,,,,,,,,,,,,,,,,,,,
WS19009002,,学术交流英语实践课,4班,,16,刘博,创新港校区-4-4218,1,5-6,3-4,创新港校区-4-4218,2,5-6,3-4,创新港校区-4-4218,4,5-6,3-4,创新港校区-4-4218,5,5-6,3-4,,,,,,,,,,,,,,,,,,,,,,,,,,,,,,,,,,,,
WS19009002,,学术交流英语实践课,5班,,16,刘博,创新港校区-4-4218,1,7-8,3-4,创新港校区-4-4218,2,7-8,3-4,创新港校区-4-4218,4,7-8,3-4,创新港校区-4-4218,5,7-8,3-4,,,,,,,,,,,,,,,,,,,,,,,,,,,,,,,,,,,,
WS19009002,,学术交流英语实践课,6班,,16,刘博,创新港校区-4-4218,1,9-10,3-4,创新港校区-4-4218,2,9-10,3-4,创新港校区-4-4218,4,9-10,3-4,创新港校区-4-4218,5,9-10,3-4,,,,,,,,,,,,,,,,,,,,,,,,,,,,,,,,,,,,
WS19012001,,英语实用口语实践,1班,,16,刘华,创新港校区-5-2033,1,1-2,1-8,,,,,,,,,,,,,,,,,,,,,,,,,,,,,,,,,,,,,,,,,,,,,,,,
WS19012001,,英语实用口语实践,2班,,16,刘华,创新港校区-5-2033,1,3-4,1-8,,,,,,,,,,,,,,,,,,,,,,,,,,,,,,,,,,,,,,,,,,,,,,,,
WS19012001,,英语实用口语实践,3班,,16,刘华,创新港校区-5-2033,1,5-6,1-8,,,,,,,,,,,,,,,,,,,,,,,,,,,,,,,,,,,,,,,,,,,,,,,,
WS19012001,,英语实用口语实践,4班,,16,刘华,创新港校区-5-2033,1,7-8,1-8,,,,,,,,,,,,,,,,,,,,,,,,,,,,,,,,,,,,,,,,,,,,,,,,
WS19012001,,英语实用口语实践,5班,,16,刘华,创新港校区-5-2033,1,1-2,9-16,,,,,,,,,,,,,,,,,,,,,,,,,,,,,,,,,,,,,,,,,,,,,,,,
WS19012001,,英语实用口语实践,6班,,16,刘华,创新港校区-5-2033,1,3-4,9-16,,,,,,,,,,,,,,,,,,,,,,,,,,,,,,,,,,,,,,,,,,,,,,,,
WS19012001,,英语实用口语实践,7班,,16,刘华,创新港校区-5-2033,1,5-6,9-16,,,,,,,,,,,,,,,,,,,,,,,,,,,,,,,,,,,,,,,,,,,,,,,,
WS19012001,,英语实用口语实践,8班,,16,刘华,创新港校区-5-2033,1,7-8,9-16,,,,,,,,,,,,,,,,,,,,,,,,,,,,,,,,,,,,,,,,,,,,,,,,
WS19012001,,英语实用口语实践,9班,,16,刘秀蓉,创新港校区-5-2099,2,1-2,1-8,,,,,,,,,,,,,,,,,,,,,,,,,,,,,,,,,,,,,,,,,,,,,,,,
WS19012001,,英语实用口语实践,10班,,16,刘秀蓉,创新港校区-5-2099,2,3-4,1-8,,,,,,,,,,,,,,,,,,,,,,,,,,,,,,,,,,,,,,,,,,,,,,,,
WS19012001,,英语实用口语实践,11班,,16,刘秀蓉,创新港校区-5-2099,2,1-2,9-16,,,,,,,,,,,,,,,,,,,,,,,,,,,,,,,,,,,,,,,,,,,,,,,,
WS19012001,,英语实用口语实践,12班,,16,刘秀蓉,创新港校区-5-2099,2,3-4,9-16,,,,,,,,,,,,,,,,,,,,,,,,,,,,,,,,,,,,,,,,,,,,,,,,
WS19012001,,英语实用口语实践,13班,,16,刘秀蓉,创新港校区-5-2099,3,1-2,1-8,,,,,,,,,,,,,,,,,,,,,,,,,,,,,,,,,,,,,,,,,,,,,,,,
WS19012001,,英语实用口语实践,14班,,16,刘秀蓉,创新港校区-5-2099,3,3-4,1-8,,,,,,,,,,,,,,,,,,,,,,,,,,,,,,,,,,,,,,,,,,,,,,,,
WS19012001,,英语实用口语实践,15班,,16,刘秀蓉,创新港校区-5-2099,3,1-2,9-16,,,,,,,,,,,,,,,,,,,,,,,,,,,,,,,,,,,,,,,,,,,,,,,,
WS19012001,,英语实用口语实践,16班,,16,刘秀蓉,创新港校区-5-2099,3,3-4,9-16,,,,,,,,,,,,,,,,,,,,,,,,,,,,,,,,,,,,,,,,,,,,,,,,
WS19012001,,英语实用口语实践,23班,,16,刘秀蓉,创新港校区-5-2099,5,1-2,9-16,,,,,,,,,,,,,,,,,,,,,,,,,,,,,,,,,,,,,,,,,,,,,,,,
WS19012001,,英语实用口语实践,25班,,16,黄博,创新港校区-5-2035,3,1-2,9-16,,,,,,,,,,,,,,,,,,,,,,,,,,,,,,,,,,,,,,,,,,,,,,,,
WS19012001,,英语实用口语实践,26班,,16,黄博,创新港校区-5-2035,3,3-4,9-16,,,,,,,,,,,,,,,,,,,,,,,,,,,,,,,,,,,,,,,,,,,,,,,,
WS19012001,,英语实用口语实践,27班,,16,Amar Charan Georgeson,创新港校区-5-2031,1,3-4,1-8,,,,,,,,,,,,,,,,,,,,,,,,,,,,,,,,,,,,,,,,,,,,,,,,
WS19012001,,英语实用口语实践,28班,,16,Amar Charan Georgeson,创新港校区-5-2031,1,5-6,1-8,,,,,,,,,,,,,,,,,,,,,,,,,,,,,,,,,,,,,,,,,,,,,,,,
WS19012001,,英语实用口语实践,29班,,16,Amar Charan Georgeson,创新港校区-5-2031,1,7-8,1-8,,,,,,,,,,,,,,,,,,,,,,,,,,,,,,,,,,,,,,,,,,,,,,,,
WS19012001,,英语实用口语实践,30班,,16,Amar Charan Georgeson,创新港校区-5-2031,1,3-4,9-16,,,,,,,,,,,,,,,,,,,,,,,,,,,,,,,,,,,,,,,,,,,,,,,,
WS19012001,,英语实用口语实践,31班,,16,Amar Charan Georgeson,创新港校区-5-2031,1,5-6,9-16,,,,,,,,,,,,,,,,,,,,,,,,,,,,,,,,,,,,,,,,,,,,,,,,
WS19012001,,英语实用口语实践,32班,,16,Amar Charan Georgeson,创新港校区-5-2031,1,7-8,9-16,,,,,,,,,,,,,,,,,,,,,,,,,,,,,,,,,,,,,,,,,,,,,,,,
WS19012001,,英语实用口语实践,33班,,16,Amar Charan Georgeson,创新港校区-5-2031,2,3-4,1-8,,,,,,,,,,,,,,,,,,,,,,,,,,,,,,,,,,,,,,,,,,,,,,,,
WS19012001,,英语实用口语实践,34班,,16,Amar Charan Georgeson,创新港校区-5-2031,2,5-6,1-8,,,,,,,,,,,,,,,,,,,,,,,,,,,,,,,,,,,,,,,,,,,,,,,,
WS19012001,,英语实用口语实践,35班,,16,Amar Charan Georgeson,创新港校区-5-2031,2,7-8,1-8,,,,,,,,,,,,,,,,,,,,,,,,,,,,,,,,,,,,,,,,,,,,,,,,
WS19012001,,英语实用口语实践,36班,,16,Amar Charan Georgeson,创新港校区-5-2031,2,3-4,9-16,,,,,,,,,,,,,,,,,,,,,,,,,,,,,,,,,,,,,,,,,,,,,,,,
WS19012001,,英语实用口语实践,37班,,16,Amar Charan Georgeson,创新港校区-5-2031,2,5-6,9-16,,,,,,,,,,,,,,,,,,,,,,,,,,,,,,,,,,,,,,,,,,,,,,,,
WS19012001,,英语实用口语实践,38班,,16,Amar Charan Georgeson,创新港校区-5-2031,2,7-8,9-16,,,,,,,,,,,,,,,,,,,,,,,,,,,,,,,,,,,,,,,,,,,,,,,,
WS19012001,,英语实用口语实践,39班,,16,Rose Valinda Jensen,创新港校区-5-2072,2,1-2,1-8,,,,,,,,,,,,,,,,,,,,,,,,,,,,,,,,,,,,,,,,,,,,,,,,
WS19012001,,英语实用口语实践,40班,,16,Rose Valinda Jensen,创新港校区-5-2072,2,3-4,1-8,,,,,,,,,,,,,,,,,,,,,,,,,,,,,,,,,,,,,,,,,,,,,,,,
WS19012001,,英语实用口语实践,41班,,16,Rose Valinda Jensen,创新港校区-5-2072,2,5-6,1-8,,,,,,,,,,,,,,,,,,,,,,,,,,,,,,,,,,,,,,,,,,,,,,,,
WS19012001,,英语实用口语实践,42班,,16,Rose Valinda Jensen,创新港校区-5-2072,2,1-2,9-16,,,,,,,,,,,,,,,,,,,,,,,,,,,,,,,,,,,,,,,,,,,,,,,,
WS19012001,,英语实用口语实践,43班,,16,Rose Valinda Jensen,创新港校区-5-2072,2,3-4,9-16,,,,,,,,,,,,,,,,,,,,,,,,,,,,,,,,,,,,,,,,,,,,,,,,
WS19012001,,英语实用口语实践,44班,,16,Rose Valinda Jensen,创新港校区-5-2072,2,5-6,9-16,,,,,,,,,,,,,,,,,,,,,,,,,,,,,,,,,,,,,,,,,,,,,,,,
WS19012001,,英语实用口语实践,45班,,16,Rose Valinda Jensen,创新港校区-5-2072,3,1-2,1-8,,,,,,,,,,,,,,,,,,,,,,,,,,,,,,,,,,,,,,,,,,,,,,,,
WS19012001,,英语实用口语实践,46班,,16,Rose Valinda Jensen,创新港校区-5-2072,3,3-4,1-8,,,,,,,,,,,,,,,,,,,,,,,,,,,,,,,,,,,,,,,,,,,,,,,,
WS19012001,,英语实用口语实践,47班,,16,Rose Valinda Jensen,创新港校区-5-2072,3,5-6,1-8,,,,,,,,,,,,,,,,,,,,,,,,,,,,,,,,,,,,,,,,,,,,,,,,
WS19012001,,英语实用口语实践,48班,,16,Rose Valinda Jensen,创新港校区-5-2072,3,1-2,9-16,,,,,,,,,,,,,,,,,,,,,,,,,,,,,,,,,,,,,,,,,,,,,,,,
WS19012001,,英语实用口语实践,49班,,16,Rose Valinda Jensen,创新港校区-5-2072,3,3-4,9-16,,,,,,,,,,,,,,,,,,,,,,,,,,,,,,,,,,,,,,,,,,,,,,,,
WS19012001,,英语实用口语实践,50班,,16,Rose Valinda Jensen,创新港校区-5-2072,3,5-6,9-16,,,,,,,,,,,,,,,,,,,,,,,,,,,,,,,,,,,,,,,,,,,,,,,,
WS19012001,,英语实用口语实践,51班,,16,Effie Jo Anne Okeson,创新港校区-5-2048,2,1-2,1-8,,,,,,,,,,,,,,,,,,,,,,,,,,,,,,,,,,,,,,,,,,,,,,,,
WS19012001,,英语实用口语实践,52班,,16,Effie Jo Anne Okeson,创新港校区-5-2048,2,3-4,1-8,,,,,,,,,,,,,,,,,,,,,,,,,,,,,,,,,,,,,,,,,,,,,,,,
WS19012001,,英语实用口语实践,53班,,16,Effie Jo Anne Okeson,创新港校区-5-2048,2,5-6,1-8,,,,,,,,,,,,,,,,,,,,,,,,,,,,,,,,,,,,,,,,,,,,,,,,
WS19012001,,英语实用口语实践,54班,,16,Effie Jo Anne Okeson,创新港校区-5-2048,2,7-8,1-8,,,,,,,,,,,,,,,,,,,,,,,,,,,,,,,,,,,,,,,,,,,,,,,,
WS19012001,,英语实用口语实践,55班,,16,Effie Jo Anne Okeson,创新港校区-5-2048,2,1-2,9-16,,,,,,,,,,,,,,,,,,,,,,,,,,,,,,,,,,,,,,,,,,,,,,,,
WS19012001,,英语实用口语实践,56班,,16,Effie Jo Anne Okeson,创新港校区-5-2048,2,3-4,9-16,,,,,,,,,,,,,,,,,,,,,,,,,,,,,,,,,,,,,,,,,,,,,,,,
WS19012001,,英语实用口语实践,57班,,16,Effie Jo Anne Okeson,创新港校区-5-2048,2,5-6,9-16,,,,,,,,,,,,,,,,,,,,,,,,,,,,,,,,,,,,,,,,,,,,,,,,
WS19012001,,英语实用口语实践,58班,,16,Effie Jo Anne Okeson,创新港校区-5-2048,2,7-8,9-16,,,,,,,,,,,,,,,,,,,,,,,,,,,,,,,,,,,,,,,,,,,,,,,,
WS19012001,,英语实用口语实践,59班,,16,Effie Jo Anne Okeson,创新港校区-5-2048,3,1-2,1-8,,,,,,,,,,,,,,,,,,,,,,,,,,,,,,,,,,,,,,,,,,,,,,,,
WS19012001,,英语实用口语实践,60班,,16,Effie Jo Anne Okeson,创新港校区-5-2048,3,3-4,1-8,,,,,,,,,,,,,,,,,,,,,,,,,,,,,,,,,,,,,,,,,,,,,,,,
WS19012001,,英语实用口语实践,61班,,16,Effie Jo Anne Okeson,创新港校区-5-2048,3,1-2,9-16,,,,,,,,,,,,,,,,,,,,,,,,,,,,,,,,,,,,,,,,,,,,,,,,
WS19012001,,英语实用口语实践,62班,,16,Effie Jo Anne Okeson,创新港校区-5-2048,3,3-4,9-16,,,,,,,,,,,,,,,,,,,,,,,,,,,,,,,,,,,,,,,,,,,,,,,,
WS19012001,,英语实用口语实践,63班,,16,Kevin James Okeson,创新港校区-5-2046,2,1-2,1-8,,,,,,,,,,,,,,,,,,,,,,,,,,,,,,,,,,,,,,,,,,,,,,,,
WS19012001,,英语实用口语实践,64班,,16,Kevin James Okeson,创新港校区-5-2046,2,3-4,1-8,,,,,,,,,,,,,,,,,,,,,,,,,,,,,,,,,,,,,,,,,,,,,,,,
WS19012001,,英语实用口语实践,65班,,16,Kevin James Okeson,创新港校区-5-2046,2,5-6,1-8,,,,,,,,,,,,,,,,,,,,,,,,,,,,,,,,,,,,,,,,,,,,,,,,
WS19012001,,英语实用口语实践,66班,,16,Kevin James Okeson,创新港校区-5-2046,2,7-8,1-8,,,,,,,,,,,,,,,,,,,,,,,,,,,,,,,,,,,,,,,,,,,,,,,,
WS19012001,,英语实用口语实践,67班,,16,Kevin James Okeson,创新港校区-5-2046,2,1-2,9-16,,,,,,,,,,,,,,,,,,,,,,,,,,,,,,,,,,,,,,,,,,,,,,,,
WS19012001,,英语实用口语实践,68班,,16,Kevin James Okeson,创新港校区-5-2046,2,3-4,9-16,,,,,,,,,,,,,,,,,,,,,,,,,,,,,,,,,,,,,,,,,,,,,,,,
WS19012001,,英语实用口语实践,69班,,16,Kevin James Okeson,创新港校区-5-2046,2,5-6,9-16,,,,,,,,,,,,,,,,,,,,,,,,,,,,,,,,,,,,,,,,,,,,,,,,
WS19012001,,英语实用口语实践,70班,,16,Kevin James Okeson,创新港校区-5-2046,2,7-8,9-16,,,,,,,,,,,,,,,,,,,,,,,,,,,,,,,,,,,,,,,,,,,,,,,,
WS19012001,,英语实用口语实践,71班,,16,Kevin James Okeson,创新港校区-5-2046,3,1-2,1-8,,,,,,,,,,,,,,,,,,,,,,,,,,,,,,,,,,,,,,,,,,,,,,,,
WS19012001,,英语实用口语实践,72班,,16,Kevin James Okeson,创新港校区-5-2046,3,3-4,1-8,,,,,,,,,,,,,,,,,,,,,,,,,,,,,,,,,,,,,,,,,,,,,,,,
WS19012001,,英语实用口语实践,73班,,16,Kevin James Okeson,创新港校区-5-2046,3,1-2,9-16,,,,,,,,,,,,,,,,,,,,,,,,,,,,,,,,,,,,,,,,,,,,,,,,
WS19012001,,英语实用口语实践,74班,,16,Kevin James Okeson,创新港校区-5-2046,3,3-4,9-16,,,,,,,,,,,,,,,,,,,,,,,,,,,,,,,,,,,,,,,,,,,,,,,,
WS19012001,,英语实用口语实践,83班,,16,高云,创新港校区-5-2004,1,1-2,1-8,,,,,,,,,,,,,,,,,,,,,,,,,,,,,,,,,,,,,,,,,,,,,,,,
WS19012001,,英语实用口语实践,84班,,16,高云,创新港校区-5-2004,1,3-4,1-8,,,,,,,,,,,,,,,,,,,,,,,,,,,,,,,,,,,,,,,,,,,,,,,,
WS19012001,,英语实用口语实践,85班,,16,高云,创新港校区-5-2004,1,1-2,9-16,,,,,,,,,,,,,,,,,,,,,,,,,,,,,,,,,,,,,,,,,,,,,,,,
WS19012001,,英语实用口语实践,86班,,16,高云,创新港校区-5-2004,1,3-4,9-16,,,,,,,,,,,,,,,,,,,,,,,,,,,,,,,,,,,,,,,,,,,,,,,,
WS19012001,,英语实用口语实践,88班,,16,高云,创新港校区-5-2004,2,3-4,1-8,,,,,,,,,,,,,,,,,,,,,,,,,,,,,,,,,,,,,,,,,,,,,,,,
WS19012001,,英语实用口语实践,89班,,16,高云,创新港校区-5-2004,2,1-2,9-16,,,,,,,,,,,,,,,,,,,,,,,,,,,,,,,,,,,,,,,,,,,,,,,,
WS19012001,,英语实用口语实践,90班,,16,高云,创新港校区-5-2004,2,3-4,9-16,,,,,,,,,,,,,,,,,,,,,,,,,,,,,,,,,,,,,,,,,,,,,,,,
WS19012001,,英语实用口语实践,91班,,16,高云,创新港校区-5-2004,3,1-2,1-8,,,,,,,,,,,,,,,,,,,,,,,,,,,,,,,,,,,,,,,,,,,,,,,,
WS19012001,,英语实用口语实践,92班,,16,高云,创新港校区-5-2004,3,3-4,1-8,,,,,,,,,,,,,,,,,,,,,,,,,,,,,,,,,,,,,,,,,,,,,,,,
WS19012001,,英语实用口语实践,93班,,16,高云,创新港校区-5-2004,3,1-2,9-16,,,,,,,,,,,,,,,,,,,,,,,,,,,,,,,,,,,,,,,,,,,,,,,,
WS19012001,,英语实用口语实践,94班,,16,高云,创新港校区-5-2004,3,3-4,9-16,,,,,,,,,,,,,,,,,,,,,,,,,,,,,,,,,,,,,,,,,,,,,,,,
WS19012011,,英文文献管理与加工,1班,,16,舒程勇,创新港校区-5-2018,1,5-6,1-8,,,,,,,,,,,,,,,,,,,,,,,,,,,,,,,,,,,,,,,,,,,,,,,,
WS19012011,,英文文献管理与加工,2班,,16,舒程勇,创新港校区-5-2018,1,7-8,1-8,,,,,,,,,,,,,,,,,,,,,,,,,,,,,,,,,,,,,,,,,,,,,,,,
WS19012011,,英文文献管理与加工,3班,,16,舒程勇,创新港校区-5-2018,1,5-6,9-16,,,,,,,,,,,,,,,,,,,,,,,,,,,,,,,,,,,,,,,,,,,,,,,,
WS19012011,,英文文献管理与加工,4班,,16,舒程勇,创新港校区-5-2018,1,7-8,9-16,,,,,,,,,,,,,,,,,,,,,,,,,,,,,,,,,,,,,,,,,,,,,,,,
WS19012011,,英文文献管理与加工,6班,,16,涂圣文,创新港校区-5-2018,4,5-6,1-8,,,,,,,,,,,,,,,,,,,,,,,,,,,,,,,,,,,,,,,,,,,,,,,,
WS19012022,,看电影学英语,1班,,16,郭继荣,创新港校区-5-2042,1,5-6,1-8,,,,,,,,,,,,,,,,,,,,,,,,,,,,,,,,,,,,,,,,,,,,,,,,
WS19012022,,看电影学英语,2班,,16,郭继荣,创新港校区-5-2042,1,7-8,1-8,,,,,,,,,,,,,,,,,,,,,,,,,,,,,,,,,,,,,,,,,,,,,,,,
WS19012022,,看电影学英语,3班,,16,郭继荣,创新港校区-5-2042,1,5-6,9-16,,,,,,,,,,,,,,,,,,,,,,,,,,,,,,,,,,,,,,,,,,,,,,,,
WS19012022,,看电影学英语,4班,,16,郭继荣,创新港校区-5-2042,1,7-8,9-16,,,,,,,,,,,,,,,,,,,,,,,,,,,,,,,,,,,,,,,,,,,,,,,,
WS19012022,,看电影学英语,5班,,16,郭继荣,创新港校区-5-2042,3,1-2,1-8,,,,,,,,,,,,,,,,,,,,,,,,,,,,,,,,,,,,,,,,,,,,,,,,
WS19012022,,看电影学英语,6班,,16,郭继荣,创新港校区-5-2042,3,3-4,1-8,,,,,,,,,,,,,,,,,,,,,,,,,,,,,,,,,,,,,,,,,,,,,,,,
WS19012022,,看电影学英语,9班,,16,郭继荣,创新港校区-5-2042,3,3-4,9-16,,,,,,,,,,,,,,,,,,,,,,,,,,,,,,,,,,,,,,,,,,,,,,,,
WS19012022,,看电影学英语,10班,,16,郭继荣,创新港校区-5-2042,3,5-6,9-16,,,,,,,,,,,,,,,,,,,,,,,,,,,,,,,,,,,,,,,,,,,,,,,,
WS19012022,,看电影学英语,11班,,16,李蓓岚,创新港校区-2-2004,1,5-6,1-8,,,,,,,,,,,,,,,,,,,,,,,,,,,,,,,,,,,,,,,,,,,,,,,,
WS19012022,,看电影学英语,12班,,16,李蓓岚,创新港校区-5-2004,1,7-8,1-8,,,,,,,,,,,,,,,,,,,,,,,,,,,,,,,,,,,,,,,,,,,,,,,,
WS19012022,,看电影学英语,13班,,16,李蓓岚,创新港校区-5-2004,1,5-6,9-16,,,,,,,,,,,,,,,,,,,,,,,,,,,,,,,,,,,,,,,,,,,,,,,,
WS19012022,,看电影学英语,14班,,16,李蓓岚,创新港校区-5-2004,1,7-8,9-16,,,,,,,,,,,,,,,,,,,,,,,,,,,,,,,,,,,,,,,,,,,,,,,,
WS19012022,,看电影学英语,15班,,16,李蓓岚,创新港校区-5-2004,3,5-6,1-8,,,,,,,,,,,,,,,,,,,,,,,,,,,,,,,,,,,,,,,,,,,,,,,,
WS19012022,,看电影学英语,16班,,16,李蓓岚,创新港校区-5-2044,3,7-8,1-8,,,,,,,,,,,,,,,,,,,,,,,,,,,,,,,,,,,,,,,,,,,,,,,,
WS19012022,,看电影学英语,17班,,16,李蓓岚,创新港校区-5-2004,3,5-6,9-16,,,,,,,,,,,,,,,,,,,,,,,,,,,,,,,,,,,,,,,,,,,,,,,,
WS19012022,,看电影学英语,18班,,16,李蓓岚,创新港校区-5-2004,3,7-8,9-16,,,,,,,,,,,,,,,,,,,,,,,,,,,,,,,,,,,,,,,,,,,,,,,,
WS19012022,,看电影学英语,23班,,16,史文霞,创新港校区-5-2016,1,5-6,1-8,,,,,,,,,,,,,,,,,,,,,,,,,,,,,,,,,,,,,,,,,,,,,,,,
WS19012022,,看电影学英语,24班,,16,史文霞,创新港校区-5-2016,1,7-8,1-8,,,,,,,,,,,,,,,,,,,,,,,,,,,,,,,,,,,,,,,,,,,,,,,,
WS19012022,,看电影学英语,25班,,16,张华承,创新港校区-5-2018,3,5-6,1-8,,,,,,,,,,,,,,,,,,,,,,,,,,,,,,,,,,,,,,,,,,,,,,,,
WS19012022,,看电影学英语,26班,,16,张华承,创新港校区-5-2018,3,7-8,1-8,,,,,,,,,,,,,,,,,,,,,,,,,,,,,,,,,,,,,,,,,,,,,,,,
WS19012022,,看电影学英语,27班,,16,吴莹,创新港校区-5-2099,1,5-6,1-8,,,,,,,,,,,,,,,,,,,,,,,,,,,,,,,,,,,,,,,,,,,,,,,,
WS19012022,,看电影学英语,28班,,16,吴莹,创新港校区-5-2099,1,7-8,1-8,,,,,,,,,,,,,,,,,,,,,,,,,,,,,,,,,,,,,,,,,,,,,,,,
WS19012022,,看电影学英语,29班,,16,吴莹,创新港校区-5-2099,1,5-6,9-16,,,,,,,,,,,,,,,,,,,,,,,,,,,,,,,,,,,,,,,,,,,,,,,,
WS19012022,,看电影学英语,30班,,16,吴莹,创新港校区-5-2099,1,7-8,9-16,,,,,,,,,,,,,,,,,,,,,,,,,,,,,,,,,,,,,,,,,,,,,,,,
WS19012022,,看电影学英语,31班,,16,吴莹,创新港校区-5-2099,3,5-6,1-8,,,,,,,,,,,,,,,,,,,,,,,,,,,,,,,,,,,,,,,,,,,,,,,,
WS19012022,,看电影学英语,32班,,16,吴莹,创新港校区-5-2099,3,7-8,1-8,,,,,,,,,,,,,,,,,,,,,,,,,,,,,,,,,,,,,,,,,,,,,,,,
WS19012022,,看电影学英语,33班,,16,吴莹,创新港校区-5-2099,3,5-6,9-16,,,,,,,,,,,,,,,,,,,,,,,,,,,,,,,,,,,,,,,,,,,,,,,,
WS19012022,,看电影学英语,35班,,16,许小艳,创新港校区-5-2064,1,3-4,1-8,,,,,,,,,,,,,,,,,,,,,,,,,,,,,,,,,,,,,,,,,,,,,,,,
WS19012022,,看电影学英语,36班,,16,许小艳,创新港校区-5-2064,1,3-4,9-16,,,,,,,,,,,,,,,,,,,,,,,,,,,,,,,,,,,,,,,,,,,,,,,,
WS19012022,,看电影学英语,37班,,16,许小艳,创新港校区-5-2064,3,3-4,1-8,,,,,,,,,,,,,,,,,,,,,,,,,,,,,,,,,,,,,,,,,,,,,,,,
WS19012022,,看电影学英语,38班,,16,许小艳,创新港校区-5-2064,3,3-4,9-16,,,,,,,,,,,,,,,,,,,,,,,,,,,,,,,,,,,,,,,,,,,,,,,,
WS19012022,,看电影学英语,39班,,16,ROGERS JASON MAXWELL,创新港校区-5-2033,2,3-4,1-8,,,,,,,,,,,,,,,,,,,,,,,,,,,,,,,,,,,,,,,,,,,,,,,,
WS19012022,,看电影学英语,40班,,16,ROGERS JASON MAXWELL,创新港校区-5-2033,2,5-6,1-8,,,,,,,,,,,,,,,,,,,,,,,,,,,,,,,,,,,,,,,,,,,,,,,,
WS19012022,,看电影学英语,41班,,16,ROGERS JASON MAXWELL,创新港校区-5-2033,2,7-8,1-8,,,,,,,,,,,,,,,,,,,,,,,,,,,,,,,,,,,,,,,,,,,,,,,,
WS19012022,,看电影学英语,42班,,16,ROGERS JASON MAXWELL,创新港校区-5-2033,2,3-4,9-16,,,,,,,,,,,,,,,,,,,,,,,,,,,,,,,,,,,,,,,,,,,,,,,,
WS19012022,,看电影学英语,43班,,16,ROGERS JASON MAXWELL,创新港校区-5-2033,2,5-6,9-16,,,,,,,,,,,,,,,,,,,,,,,,,,,,,,,,,,,,,,,,,,,,,,,,
WS19012022,,看电影学英语,44班,,16,ROGERS JASON MAXWELL,创新港校区-5-2033,2,7-8,9-16,,,,,,,,,,,,,,,,,,,,,,,,,,,,,,,,,,,,,,,,,,,,,,,,
WS19012022,,看电影学英语,45班,,16,ROGERS JASON MAXWELL,创新港校区-5-2033,3,3-4,1-8,,,,,,,,,,,,,,,,,,,,,,,,,,,,,,,,,,,,,,,,,,,,,,,,
WS19012022,,看电影学英语,46班,,16,ROGERS JASON MAXWELL,创新港校区-5-2033,3,5-6,1-8,,,,,,,,,,,,,,,,,,,,,,,,,,,,,,,,,,,,,,,,,,,,,,,,
WS19012022,,看电影学英语,47班,,16,ROGERS JASON MAXWELL,创新港校区-5-2033,3,7-8,1-8,,,,,,,,,,,,,,,,,,,,,,,,,,,,,,,,,,,,,,,,,,,,,,,,
WS19012022,,看电影学英语,48班,,16,ROGERS JASON MAXWELL,创新港校区-5-2033,3,3-4,9-16,,,,,,,,,,,,,,,,,,,,,,,,,,,,,,,,,,,,,,,,,,,,,,,,
WS19012022,,看电影学英语,49班,,16,ROGERS JASON MAXWELL,创新港校区-5-2033,3,5-6,9-16,,,,,,,,,,,,,,,,,,,,,,,,,,,,,,,,,,,,,,,,,,,,,,,,
WS19012022,,看电影学英语,51班,,16,JOVANOVIC DANILO,创新港校区-5-2035,1,3-4,1-8,,,,,,,,,,,,,,,,,,,,,,,,,,,,,,,,,,,,,,,,,,,,,,,,
WS19012022,,看电影学英语,52班,,16,JOVANOVIC DANILO,创新港校区-5-2035,1,5-6,1-8,,,,,,,,,,,,,,,,,,,,,,,,,,,,,,,,,,,,,,,,,,,,,,,,
WS19012022,,看电影学英语,53班,,16,JOVANOVIC DANILO,创新港校区-5-2035,1,7-8,1-8,,,,,,,,,,,,,,,,,,,,,,,,,,,,,,,,,,,,,,,,,,,,,,,,
WS19012022,,看电影学英语,54班,,16,JOVANOVIC DANILO,创新港校区-5-2035,1,3-4,9-16,,,,,,,,,,,,,,,,,,,,,,,,,,,,,,,,,,,,,,,,,,,,,,,,
WS19012022,,看电影学英语,55班,,16,JOVANOVIC DANILO,创新港校区-5-2035,1,5-6,9-16,,,,,,,,,,,,,,,,,,,,,,,,,,,,,,,,,,,,,,,,,,,,,,,,
WS19012022,,看电影学英语,56班,,16,JOVANOVIC DANILO,创新港校区-5-2035,1,7-8,9-16,,,,,,,,,,,,,,,,,,,,,,,,,,,,,,,,,,,,,,,,,,,,,,,,
WS19012022,,看电影学英语,57班,,16,JOVANOVIC DANILO,创新港校区-5-2035,2,3-4,1-8,,,,,,,,,,,,,,,,,,,,,,,,,,,,,,,,,,,,,,,,,,,,,,,,
WS19012022,,看电影学英语,58班,,16,JOVANOVIC DANILO,创新港校区-5-2035,2,5-6,1-8,,,,,,,,,,,,,,,,,,,,,,,,,,,,,,,,,,,,,,,,,,,,,,,,
WS19012022,,看电影学英语,59班,,16,JOVANOVIC DANILO,创新港校区-5-2035,2,7-8,1-8,,,,,,,,,,,,,,,,,,,,,,,,,,,,,,,,,,,,,,,,,,,,,,,,
WS19012022,,看电影学英语,60班,,16,JOVANOVIC DANILO,创新港校区-5-2035,2,3-4,9-16,,,,,,,,,,,,,,,,,,,,,,,,,,,,,,,,,,,,,,,,,,,,,,,,
WS19012022,,看电影学英语,61班,,16,JOVANOVIC DANILO,创新港校区-5-2035,2,5-6,9-16,,,,,,,,,,,,,,,,,,,,,,,,,,,,,,,,,,,,,,,,,,,,,,,,
WS19012022,,看电影学英语,62班,,16,JOVANOVIC DANILO,创新港校区-5-2035,2,7-8,9-16,,,,,,,,,,,,,,,,,,,,,,,,,,,,,,,,,,,,,,,,,,,,,,,,
WS19012022,,看电影学英语,64班,,16,PENNINGS DANIEL BERT,创新港校区-5-2029,1,3-4,1-8,,,,,,,,,,,,,,,,,,,,,,,,,,,,,,,,,,,,,,,,,,,,,,,,
WS19012022,,看电影学英语,65班,,16,PENNINGS DANIEL BERT,创新港校区-5-2029,1,1-2,9-16,,,,,,,,,,,,,,,,,,,,,,,,,,,,,,,,,,,,,,,,,,,,,,,,
WS19012022,,看电影学英语,66班,,16,PENNINGS DANIEL BERT,创新港校区-5-2029,1,3-4,9-16,,,,,,,,,,,,,,,,,,,,,,,,,,,,,,,,,,,,,,,,,,,,,,,,
WS19012022,,看电影学英语,67班,,16,PENNINGS DANIEL BERT,创新港校区-5-2029,3,1-2,1-8,,,,,,,,,,,,,,,,,,,,,,,,,,,,,,,,,,,,,,,,,,,,,,,,
WS19012022,,看电影学英语,68班,,16,PENNINGS DANIEL BERT,创新港校区-5-2029,3,3-4,1-8,,,,,,,,,,,,,,,,,,,,,,,,,,,,,,,,,,,,,,,,,,,,,,,,
WS19012022,,看电影学英语,69班,,16,PENNINGS DANIEL BERT,创新港校区-5-2029,3,1-2,9-16,,,,,,,,,,,,,,,,,,,,,,,,,,,,,,,,,,,,,,,,,,,,,,,,
WS19012022,,看电影学英语,70班,,16,PENNINGS DANIEL BERT,创新港校区-5-2029,3,3-4,9-16,,,,,,,,,,,,,,,,,,,,,,,,,,,,,,,,,,,,,,,,,,,,,,,,
WS19012022,,看电影学英语,71班,,16,PENNINGS DANIEL BERT,创新港校区-5-2029,4,1-2,1-8,,,,,,,,,,,,,,,,,,,,,,,,,,,,,,,,,,,,,,,,,,,,,,,,
WS19012022,,看电影学英语,75班,,16,李雅丽,创新港校区-5-2020,2,5-6,1-8,,,,,,,,,,,,,,,,,,,,,,,,,,,,,,,,,,,,,,,,,,,,,,,,
WS19012022,,看电影学英语,76班,,16,李雅丽,创新港校区-5-2020,2,7-8,1-8,,,,,,,,,,,,,,,,,,,,,,,,,,,,,,,,,,,,,,,,,,,,,,,,
WS19012022,,看电影学英语,77班,,16,李雅丽,创新港校区-5-2020,2,5-6,9-16,,,,,,,,,,,,,,,,,,,,,,,,,,,,,,,,,,,,,,,,,,,,,,,,
WS19012022,,看电影学英语,78班,,16,李雅丽,创新港校区-5-2020,2,7-8,9-16,,,,,,,,,,,,,,,,,,,,,,,,,,,,,,,,,,,,,,,,,,,,,,,,
WS19012022,,看电影学英语,79班,,16,刘新法,创新港校区-5-2020,3,1-2,9-16,,,,,,,,,,,,,,,,,,,,,,,,,,,,,,,,,,,,,,,,,,,,,,,,
WS19012022,,看电影学英语,80班,,16,刘新法,创新港校区-5-2020,3,3-4,9-16,,,,,,,,,,,,,,,,,,,,,,,,,,,,,,,,,,,,,,,,,,,,,,,,
WS19012022,,看电影学英语,81班,,16,刘新法,创新港校区-5-2020,3,5-6,9-16,,,,,,,,,,,,,,,,,,,,,,,,,,,,,,,,,,,,,,,,,,,,,,,,
WS19012022,,看电影学英语,119班,,16,冯广宜,雁塔校区-综合楼-306,3,1-2,1-8,,,,,,,,,,,,,,,,,,,,,,,,,,,,,,,,,,,,,,,,,,,,,,,,
WS19012022,,看电影学英语,120班,,16,冯广宜,雁塔校区-综合楼-306,3,3-4,1-8,,,,,,,,,,,,,,,,,,,,,,,,,,,,,,,,,,,,,,,,,,,,,,,,
WS19012022,,看电影学英语,121班,,16,冯广宜,雁塔校区-综合楼-306,3,5-6,1-8,,,,,,,,,,,,,,,,,,,,,,,,,,,,,,,,,,,,,,,,,,,,,,,,
WS19012022,,看电影学英语,122班,,16,冯广宜,雁塔校区-综合楼-306,3,7-8,1-8,,,,,,,,,,,,,,,,,,,,,,,,,,,,,,,,,,,,,,,,,,,,,,,,
WS19012069,,国际学术论文写作与发表,1班,,16,任丹,创新港校区-5-2018,2,3-4,1-8,,,,,,,,,,,,,,,,,,,,,,,,,,,,,,,,,,,,,,,,,,,,,,,,
WS19012069,,国际学术论文写作与发表,2班,,16,任丹,创新港校区-5-2018,2,3-4,9-16,,,,,,,,,,,,,,,,,,,,,,,,,,,,,,,,,,,,,,,,,,,,,,,,
WS19012069,,国际学术论文写作与发表,3班,,16,高云,创新港校区-5-2089,3,5-6,1-8,,,,,,,,,,,,,,,,,,,,,,,,,,,,,,,,,,,,,,,,,,,,,,,,
WS19012069,,国际学术论文写作与发表,4班,,16,高云,创新港校区-5-2089,3,5-6,9-16,,,,,,,,,,,,,,,,,,,,,,,,,,,,,,,,,,,,,,,,,,,,,,,,
WS20003014,,Academic English and International Communication Skills of Compressors,1班,0.0,16,冯健美,创新港校区-1-2052,4,3-4,9-16,,,,,,,,,,,,,,,,,,,,,,,,,,,,,,,,,,,,,,,,,,,,,,,,
WS20003014,,Academic English and International Communication Skills of Compressors,2班,0.0,16,吴华根,创新港校区-1-3056,4,5-6,1-8,,,,,,,,,,,,,,,,,,,,,,,,,,,,,,,,,,,,,,,,,,,,,,,,
WS20003014,,Academic English and International Communication Skills of Compressors,3班,0.0,16,吴华根,创新港校区-1-3056,4,9-10,1-8,,,,,,,,,,,,,,,,,,,,,,,,,,,,,,,,,,,,,,,,,,,,,,,,
WS20003014,,Academic English and International Communication Skills of Compressors,4班,0.0,16,贾晓晗,创新港校区-1-2056,5,3-4,1-8,,,,,,,,,,,,,,,,,,,,,,,,,,,,,,,,,,,,,,,,,,,,,,,,
WS20003014,,Academic English and International Communication Skills of Compressors,5班,0.0,16,贾晓晗,兴庆校区-中3-3315,2,5-6,1-8,,,,,,,,,,,,,,,,,,,,,,,,,,,,,,,,,,,,,,,,,,,,,,,,
WS20032001,,新闻传播学国际发表,1班,,16,王威力,创新港校区-1-4059,3,3-6,10-13,,,,,,,,,,,,,,,,,,,,,,,,,,,,,,,,,,,,,,,,,,,,,,,,
WS20032001,,新闻传播学国际发表,2班,,16,申楠,创新港校区-1-4057,3,3-6,10-13,,,,,,,,,,,,,,,,,,,,,,,,,,,,,,,,,,,,,,,,,,,,,,,,
WS20032001,,新闻传播学国际发表,3班,,16,廖政贸,创新港校区-1-3063,3,3-6,10-13,,,,,,,,,,,,,,,,,,,,,,,,,,,,,,,,,,,,,,,,,,,,,,,,
WS22007001,,数学&英语实践课,1班,,16,郭振宇,创新港校区-4-3206,2,1-4,1-4,,,,,,,,,,,,,,,,,,,,,,,,,,,,,,,,,,,,,,,,,,,,,,,,
WS22007001,,数学&英语实践课,1班_1,,16,李丽敏,创新港校区-4-4220,1,1-4,2-3,创新港校区-4-4220,1,1-4,7-7,创新港校区-4-4220,2,1-4,5-5,,,,,,,,,,,,,,,,,,,,,,,,,,,,,,,,,,,,,,,,
WS22007001,,数学&英语实践课,1班_2,,16,王慧,创新港校区-5-1005,6,7-10,5-8,,,,,,,,,,,,,,,,,,,,,,,,,,,,,,,,,,,,,,,,,,,,,,,,
WS22007001,,数学&英语实践课,1班_3,,16,李辉,创新港校区-4-3220,1,1-4,13-16,,,,,,,,,,,,,,,,,,,,,,,,,,,,,,,,,,,,,,,,,,,,,,,,
WS22007001,,数学&英语实践课,1班_4,,16,康尧,创新港校区-4-4220,1,3-6,13-13,创新港校区-4-4220,5,3-6,13-14,创新港校区-4-4220,6,1-4,13-13,,,,,,,,,,,,,,,,,,,,,,,,,,,,,,,,,,,,,,,,
WS22019001,,经济类专业英语,1班,,16,杨少华,创新港校区-5-2089,6,1-2,9-16,,,,,,,,,,,,,,,,,,,,,,,,,,,,,,,,,,,,,,,,,,,,,,,,
WS22019001,,经济类专业英语,2班,,16,杨少华,创新港校区-5-2089,6,3-4,9-16,,,,,,,,,,,,,,,,,,,,,,,,,,,,,,,,,,,,,,,,,,,,,,,,
WS22019001,,经济类专业英语,3班,,16,杨少华,创新港校区-5-2089,6,5-6,9-16,,,,,,,,,,,,,,,,,,,,,,,,,,,,,,,,,,,,,,,,,,,,,,,,
WS22019001,,经济类专业英语,4班,,16,杨少华,创新港校区-5-2089,6,7-8,9-16,,,,,,,,,,,,,,,,,,,,,,,,,,,,,,,,,,,,,,,,,,,,,,,,
WS22019001,,经济类专业英语,5班,,16,杨少华,创新港校区-5-2089,6,9-10,9-16,,,,,,,,,,,,,,,,,,,,,,,,,,,,,,,,,,,,,,,,,,,,,,,,
WS22019001,,经济类专业英语,6班,,16,杨少华,创新港校区-5-2089,7,1-2,9-16,,,,,,,,,,,,,,,,,,,,,,,,,,,,,,,,,,,,,,,,,,,,,,,,
WS22019001,,经济类专业英语,7班,,16,杨少华,创新港校区-5-2089,7,3-4,9-16,,,,,,,,,,,,,,,,,,,,,,,,,,,,,,,,,,,,,,,,,,,,,,,,
WS22019001,,经济类专业英语,8班,,16,杨少华,创新港校区-5-2089,7,5-6,9-16,,,,,,,,,,,,,,,,,,,,,,,,,,,,,,,,,,,,,,,,,,,,,,,,
WS22019001,,经济类专业英语,9班,,16,杨少华,创新港校区-5-2089,7,7-8,9-16,,,,,,,,,,,,,,,,,,,,,,,,,,,,,,,,,,,,,,,,,,,,,,,,
WS22019001,,经济类专业英语,10班,,16,杨少华,创新港校区-5-2089,7,9-10,9-16,,,,,,,,,,,,,,,,,,,,,,,,,,,,,,,,,,,,,,,,,,,,,,,,
WS22022002,,Scientific Writing and Oral Presentation in Environmental Science,1班,,16,韩杰,创新港校区-19-2092,3,1-2,1-8,,,,,,,,,,,,,,,,,,,,,,,,,,,,,,,,,,,,,,,,,,,,,,,,
WS22022002,,Scientific Writing and Oral Presentation in Environmental Science,2班,,16,韩杰,创新港校区-19-2094,3,3-4,1-8,,,,,,,,,,,,,,,,,,,,,,,,,,,,,,,,,,,,,,,,,,,,,,,,
WS22022002,,Scientific Writing and Oral Presentation in Environmental Science,3班,,16,韩杰,创新港校区-19-2092,4,3-4,1-8,,,,,,,,,,,,,,,,,,,,,,,,,,,,,,,,,,,,,,,,,,,,,,,,
WS22031001,,体育英语,1班,,16,肖坤鹏,兴庆校区-体育中心-二楼教室,5,9-10,1-8,,,,,,,,,,,,,,,,,,,,,,,,,,,,,,,,,,,,,,,,,,,,,,,,
